time,.Pos_Err,.Cov_XX,.Cov_YY,.Cov_UU,.Cov_Heading
2024/09/30/21:04:31.020074,0.0194399460532,0.110587362597,1.29289382185,0.0758927959322,0.109943430925
2024/09/30/21:04:31.123426,0.0162810605943,0.120890852164,1.87842536583,0.0858927959322,0.119943430925
2024/09/30/21:04:31.220208,0.0396151155552,0.131276515968,2.62567079799,0.0958927959322,0.129943430925
2024/09/30/21:04:31.323048,0.0667989249577,0.141754129154,3.55462125364,0.105892795932,0.139943430925
2024/09/30/21:04:31.419808,0.0961357936638,0.152333466895,4.6852678677,0.115892795932,0.149943430925
2024/09/30/21:04:31.524087,0.127203821754,0.163024304392,6.03760177451,0.125892795932,0.159943430925
2024/09/30/21:04:31.618742,0.15973071016,0.173836416892,7.63161410757,0.135892795932,0.169943430925
2024/09/30/21:04:31.723464,0.19375753819,0.1847795797,9.48729599926,0.145892795932,0.179943430925
2024/09/30/21:04:31.819452,0.229479240895,0.195863568189,11.6246385804,0.155892795932,0.189943430925
2024/09/30/21:04:31.923665,0.267180842245,0.207098157822,14.06363298,0.165892795932,0.199943430925
2024/09/30/21:04:32.019715,0.307185392771,0.218493124167,16.8242703241,0.175892795932,0.209943430925
2024/09/30/21:04:32.118764,0.349693651365,0.230058242918,19.9265417358,0.185892795932,0.219943430925
2024/09/30/21:04:32.219532,0.394757748875,0.241803289913,23.3904383342,0.195892795932,0.229943430925
2024/09/30/21:04:32.325063,0.442411694702,0.253738041163,27.2359512334,0.205892795932,0.239943430925
2024/09/30/21:04:32.419465,0.492740411869,0.265872272868,31.4830715416,0.215892795932,0.249943430925
2024/09/30/21:04:32.523632,0.545872083721,0.278215761447,36.1517903599,0.225892795932,0.259943430925
2024/09/30/21:04:32.619590,0.601956319662,0.290778283563,41.2620987812,0.235892795932,0.269943430925
2024/09/30/21:04:32.722941,0.661130771187,0.30356961615,46.8339878886,0.245892795932,0.279943430925
2024/09/30/21:04:32.819992,0.723491384723,0.316599536436,52.8874487542,0.255892795932,0.289943430925
2024/09/30/21:04:32.923985,0.78910074212,0.329877821977,59.4424724371,0.265892795932,0.299943430925
2024/09/30/21:04:33.019631,0.858016435024,0.343414250678,66.5190499819,0.275892795932,0.309943430925
2024/09/30/21:04:33.121860,0.930305011898,0.357218600825,74.1371724167,0.285892795932,0.319943430925
2024/09/30/21:04:33.219757,1.00603943462,0.371300651109,82.3168307512,0.295892795932,0.329943430925
2024/09/30/21:04:33.323877,1.08529004396,0.385670180656,91.0780159745,0.305892795932,0.339943430925
2024/09/30/21:04:33.421237,1.16811499337,0.400336969047,100.440719053,0.315892795932,0.349943430925
2024/09/30/21:04:33.523516,1.25455742079,0.415310796349,110.424930928,0.325892795932,0.359943430925
2024/09/30/21:04:33.619417,1.34465066446,0.430601443136,121.050642513,0.335892795932,0.369943430925
2024/09/30/21:04:33.723771,1.43842431548,0.446218690513,132.337844693,0.345892795932,0.379943430925
2024/09/30/21:04:33.822281,1.53590616753,0.462172320133,144.306528318,0.355892795932,0.389943430925
2024/09/30/21:04:33.924073,1.63712077179,0.478472114224,156.976684206,0.365892795932,0.399943430925
2024/09/30/21:04:34.020884,1.74208682043,0.495127855599,170.368303136,0.375892795932,0.409943430925
2024/09/30/21:04:34.124792,1.85081554648,0.512149327682,184.501375845,0.385892795932,0.419943430925
2024/09/30/21:04:34.223320,1.9633114171,0.529546314512,199.395893029,0.395892795932,0.429943430925
2024/09/30/21:04:34.323823,2.07957396319,0.547328600764,215.071845338,0.405892795932,0.439943430925
2024/09/30/21:04:34.421530,2.19959898506,0.565505971758,231.549223374,0.415892795932,0.449943430925
2024/09/30/21:04:34.521785,2.32337870891,0.584088213466,248.848017686,0.425892795932,0.459943430925
2024/09/30/21:04:34.621581,2.4509013337,0.603085112521,266.98821877,0.435892795932,0.469943430925
2024/09/30/21:04:34.723001,2.58215064608,0.622506456223,285.989817066,0.445892795932,0.479943430925
2024/09/30/21:04:34.820508,2.7171061824,0.642362032539,305.872802955,0.455892795932,0.489943430925
2024/09/30/21:04:34.925060,2.85574381677,0.662661630109,326.657166755,0.465892795932,0.499943430925
2024/09/30/21:04:35.020584,2.99803632323,0.683415038244,348.362898719,0.475892795932,0.509943430925
2024/09/30/21:04:35.123618,0.0364236514222,0.09381130482,0.109888888276,0.0192054327372,0.0932591383113
2024/09/30/21:04:35.219353,0.0390090742143,0.103863149436,0.13958886091,0.0292054327372,0.103259138311
2024/09/30/21:04:35.323307,0.0442350661956,0.113932244409,0.217699174884,0.0392054327372,0.113259138311
2024/09/30/21:04:35.419166,0.0535230566491,0.124020508562,0.36421961359,0.0492054327372,0.123259138311
2024/09/30/21:04:35.522827,0.0674443958012,0.134129860716,0.599149960419,0.0592054327372,0.133259138311
2024/09/30/21:04:35.620905,0.0859015724853,0.144262219681,0.942489998762,0.0692054327372,0.143259138311
2024/09/30/21:04:35.722755,0.108581425159,0.154419504263,1.414239512,0.0792054327372,0.153259138311
2024/09/30/21:04:35.821757,0.135189201987,0.164603633262,2.03439828352,0.0892054327372,0.163259138311
2024/09/30/21:04:35.922982,0.165498395375,0.174816525469,2.82296609669,0.0992054327372,0.173259138311
2024/09/30/21:04:36.019605,0.199340329872,0.185060099674,3.79994273484,0.109205432737,0.183259138311
2024/09/30/21:04:36.120638,0.23658592689,0.195336274657,4.98532798129,0.119205432737,0.193259138311
2024/09/30/21:04:36.223766,0.277131698563,0.205646969197,6.39912161933,0.129205432737,0.203259138311
2024/09/30/21:04:36.323061,0.320890546391,0.215994102068,8.06132343216,0.139205432737,0.213259138311
2024/09/30/21:04:36.421927,0.367785981609,0.226379592042,9.99193320292,0.149205432737,0.223259138311
2024/09/30/21:04:36.522978,0.417748531515,0.236805357887,12.2109507146,0.159205432737,0.233259138311
2024/09/30/21:04:36.622033,0.470713503271,0.247273318371,14.7383757502,0.169205432737,0.243259138311
2024/09/30/21:04:36.722122,0.526619583566,0.257785392264,17.5942080923,0.179205432737,0.253259138311
2024/09/30/21:04:36.823821,0.585407947189,0.268343498334,20.7984475235,0.189205432737,0.263259138311
2024/09/30/21:04:36.924505,0.646557048818,0.278949555357,24.371093826,0.199205432737,0.273259138311
2024/09/30/21:04:37.021280,0.709604019569,0.289605482108,28.3321467816,0.209205432737,0.283259138311
2024/09/30/21:04:37.124698,0.774137768071,0.300313197374,32.7016061718,0.219205432737,0.293259138311
2024/09/30/21:04:37.222035,0.839792737322,0.311074619947,37.4994717777,0.229205432737,0.303259138311
2024/09/30/21:04:37.321630,0.906677916979,0.321891668631,42.7457433794,0.239205432737,0.313259138311
2024/09/30/21:04:37.419014,0.974891675772,0.332766262241,48.4604207569,0.249205432737,0.323259138311
2024/09/30/21:04:37.524493,1.04452215359,0.343700319612,54.6635036889,0.259205432737,0.333259138311
2024/09/30/21:04:37.622903,1.1156477438,0.354695759591,61.3749919534,0.269205432737,0.343259138311
2024/09/30/21:04:37.723877,1.1878995163,0.36575450105,68.6148853272,0.279205432737,0.353259138311
2024/09/30/21:04:37.821691,1.26094997864,0.376878462882,76.4031835859,0.289205432737,0.363259138311
2024/09/30/21:04:37.922422,1.33450786556,0.388069564009,84.7598865038,0.299205432737,0.373259138311
2024/09/30/21:04:38.023668,1.40831359215,0.399329723381,93.7049938532,0.309205432737,0.383259138311
2024/09/30/21:04:38.122446,1.48255265305,0.410660859982,103.258505405,0.319205432737,0.393259138311
2024/09/30/21:04:38.223046,1.55739368832,0.422064892833,113.440420928,0.329205432737,0.403259138311
2024/09/30/21:04:38.324120,1.63298947207,0.433543740995,124.270740187,0.339205432737,0.413259138311
2024/09/30/21:04:38.421688,1.70947787823,0.445099323574,135.769462948,0.349205432737,0.423259138311
2024/09/30/21:04:38.523253,1.78655652209,0.456733559726,147.956588971,0.359205432737,0.433259138311
2024/09/30/21:04:38.621779,1.8639567038,0.468448368656,160.852118012,0.369205432737,0.443259138311
2024/09/30/21:04:38.719628,1.94143910889,0.480245669628,174.476049827,0.379205432737,0.453259138311
2024/09/30/21:04:38.824146,2.01879007472,0.49212738197,188.848384166,0.389205432737,0.463259138311
2024/09/30/21:04:38.923579,2.09622815715,0.50409542507,203.989120774,0.399205432737,0.473259138311
2024/09/30/21:04:39.022853,2.17395246618,0.516151718392,219.918259392,0.409205432737,0.483259138311
2024/09/30/21:04:39.122012,2.25214385559,0.528298181473,236.655799758,0.419205432737,0.493259138311
2024/09/30/21:04:39.223234,2.33096606656,0.54053673393,254.2217416,0.429205432737,0.503259138311
2024/09/30/21:04:39.324351,2.410145673,0.552869295466,272.636084644,0.439205432737,0.513259138311
2024/09/30/21:04:39.420081,2.48943953355,0.565297785875,291.918828608,0.449205432737,0.523259138311
2024/09/30/21:04:39.523809,2.56863090392,0.577824125046,312.089973202,0.459205432737,0.533259138311
2024/09/30/21:04:39.620497,2.64752606561,0.590450232968,333.169518131,0.469205432737,0.543259138311
2024/09/30/21:04:39.725124,2.72635793775,0.603178029738,355.177463088,0.479205432737,0.553259138311
2024/09/30/21:04:39.824653,2.80533887626,0.616009435564,378.13380776,0.489205432737,0.563259138311
2024/09/30/21:04:39.923841,2.8846619453,0.628946370771,402.058551824,0.499205432737,0.573259138311
2024/09/30/21:04:40.024419,2.96450213507,0.641990755807,426.971694946,0.509205432737,0.583259138311
2024/09/30/21:04:40.123274,0.012979303384,0.09578603243,0.109914276675,0.0192534325376,0.0946004253605
2024/09/30/21:04:40.222468,0.0132202813644,0.105866811244,0.139603149173,0.0292534325376,0.104600425361
2024/09/30/21:04:40.325594,0.00622982473626,0.0614154800421,0.0695662120486,0.0168294558944,0.0610902360875
2024/09/30/21:04:40.423687,0.00384706701129,0.0480522860676,0.0540219525376,0.0159015307048,0.0479140580772
2024/09/30/21:04:40.520424,0.00260895079181,0.0424611254752,0.048604654966,0.0157561359268,0.0423883302555
2024/09/30/21:04:40.622863,0.00266335673366,0.0524780414102,0.084060243209,0.0257561359268,0.0523883302555
2024/09/30/21:04:40.725306,0.00272301068243,0.0625056336529,0.16102810333,0.0357561359268,0.0623883302555
2024/09/30/21:04:40.825507,0.00291198789868,0.0725461551178,0.299508235334,0.0457561359268,0.0723883302555
2024/09/30/21:04:40.920884,0.00335948048135,0.0826018587099,0.519500639226,0.0557561359268,0.0823883302555
2024/09/30/21:04:41.024841,0.00396443103975,0.0926749973251,0.84100531501,0.0657561359268,0.0923883302555
2024/09/30/21:04:41.123982,0.00450134172166,0.10276782385,1.28402226269,0.0757561359268,0.102388330255
2024/09/30/21:04:41.223194,0.00475851872618,0.112882591163,1.86855148228,0.0857561359268,0.112388330255
2024/09/30/21:04:41.324343,0.0048955217509,0.123021552132,2.61459297377,0.0957561359268,0.122388330255
2024/09/30/21:04:41.424141,0.00508304904743,0.133186959617,3.54214673718,0.105756135927,0.132388330256
2024/09/30/21:04:41.524445,0.00548601243364,0.143381066467,4.6712127725,0.115756135927,0.142388330256
2024/09/30/21:04:41.623060,0.00627745134253,0.153606125523,6.02179107975,0.125756135927,0.152388330256
2024/09/30/21:04:41.724725,0.00726912265596,0.163864389618,7.61388165892,0.135756135927,0.162388330256
2024/09/30/21:04:41.821870,0.00825906426357,0.174158111572,9.46748451002,0.145756135927,0.172388330256
2024/09/30/21:04:41.923278,0.00904983331963,0.1844895442,11.6025996331,0.155756135927,0.182388330256
2024/09/30/21:04:42.023174,0.00946204379525,0.194860940305,14.039227028,0.165756135927,0.192388330256
2024/09/30/21:04:42.124614,0.00971678825977,0.205274552682,16.797366695,0.175756135927,0.202388330256
2024/09/30/21:04:42.224390,0.0100206401774,0.215732634116,19.8970186338,0.185756135927,0.212388330256
2024/09/30/21:04:42.323766,0.0105635597244,0.226237437382,23.3581828447,0.195756135927,0.222388330256
2024/09/30/21:04:42.423390,0.0115223391886,0.236791215248,27.2008593275,0.205756135927,0.232388330256
2024/09/30/21:04:42.524982,0.0126640358636,0.247396220469,31.4450480822,0.215756135927,0.242388330256
2024/09/30/21:04:42.624044,0.0137746283516,0.258054705793,36.1107491089,0.225756135927,0.252388330256
2024/09/30/21:04:42.722762,0.0146585710225,0.268768923959,41.2179624076,0.235756135927,0.262388330256
2024/09/30/21:04:42.822228,0.0151395263929,0.279541127695,46.7866879783,0.245756135927,0.272388330256
2024/09/30/21:04:42.923462,0.0154515472023,0.290373569719,52.8369258209,0.255756135927,0.282388330256
2024/09/30/21:04:43.023360,0.0158095642698,0.301268502741,59.3886759355,0.265756135927,0.292388330255
2024/09/30/21:04:43.121816,0.0164097067932,0.312228179462,66.4619383221,0.275756135927,0.302388330256
2024/09/30/21:04:43.223085,0.017431347347,0.32325485257,74.0767129807,0.285756135927,0.312388330256
2024/09/30/21:04:43.321706,0.0186319760537,0.334350774746,82.2529999113,0.295756135927,0.322388330256
2024/09/30/21:04:43.422844,0.0197935530277,0.345518198661,91.0107991139,0.305756135927,0.332388330256
2024/09/30/21:04:43.523125,0.0207197283904,0.356759376975,100.370110588,0.315756135927,0.342388330256
2024/09/30/21:04:43.619977,0.021234157352,0.368076562339,110.350934335,0.325756135927,0.352388330256
2024/09/30/21:04:43.725032,0.0215751192207,0.379472007394,120.973270354,0.335756135927,0.362388330256
2024/09/30/21:04:43.823020,0.0219605447364,0.390947964772,132.257118644,0.345756135927,0.372388330256
2024/09/30/21:04:43.923858,0.0225889183856,0.402506687093,144.222479207,0.355756135927,0.382388330256
2024/09/30/21:04:44.025104,0.0236409337504,0.414150426968,156.889352041,0.365756135927,0.392388330256
2024/09/30/21:04:44.126256,0.024870731502,0.425881436998,170.277737148,0.375756135927,0.402388330256
2024/09/30/21:04:44.223255,0.0260585193075,0.437701969773,184.407634527,0.385756135927,0.412388330256
2024/09/30/21:04:44.323774,0.0270072896511,0.449614277875,199.299044177,0.395756135927,0.422388330256
2024/09/30/21:04:44.422949,0.027540415702,0.461620613873,214.9719661,0.405756135927,0.432388330256
2024/09/30/21:04:44.523727,0.0278980275514,0.473723230327,231.446400295,0.415756135927,0.442388330256
2024/09/30/21:04:44.624030,0.0282994507354,0.485924379787,248.742346761,0.425756135927,0.452388330256
2024/09/30/21:04:44.724823,0.0289443096664,0.498226314791,266.8798055,0.435756135927,0.462388330256
2024/09/30/21:04:44.823695,0.0300140275496,0.510631287869,285.878776511,0.445756135927,0.472388330256
2024/09/30/21:04:44.923550,0.0312611792054,0.523141551537,305.759259794,0.455756135927,0.482388330256
2024/09/30/21:04:45.022892,0.032465040755,0.535759358302,326.541255349,0.465756135927,0.492388330256
2024/09/30/21:04:45.123432,0.0334281532153,0.548486960663,348.244763175,0.475756135927,0.502388330256
2024/09/30/21:04:45.224174,0.000644049538273,0.0938819552684,0.109895936258,0.0192052484506,0.0925725185655
2024/09/30/21:04:45.324102,0.000678731287415,0.103969965556,0.13959628795,0.0292052484506,0.102572518565
2024/09/30/21:04:45.423477,0.000751574972784,0.114079997507,0.21770713632,0.0392052484506,0.112572518565
2024/09/30/21:04:45.524581,0.000724768439089,0.124214308111,0.364228481261,0.0492052484506,0.122572518565
2024/09/30/21:04:45.622948,0.000708332884023,0.134375154347,0.599160322665,0.0592052484506,0.132572518565
2024/09/30/21:04:45.724747,0.0011328568604,0.144564793186,0.942502660423,0.0692052484506,0.142572518565
2024/09/30/21:04:45.823364,0.00169238673039,0.154785481588,1.41425549443,0.0792052484506,0.152572518565
2024/09/30/21:04:45.923158,0.00206321455622,0.165039476507,2.03441882457,0.0892052484506,0.162572518565
2024/09/30/21:04:46.023263,0.00204068721256,0.175329034885,2.82299265075,0.0992052484506,0.172572518565
2024/09/30/21:04:46.124247,0.00185200647097,0.185656413656,3.79997697285,0.109205248451,0.182572518565
2024/09/30/21:04:46.223816,0.00170704633462,0.196023869742,4.98537179076,0.119205248451,0.192572518565
2024/09/30/21:04:46.323644,0.0017874535948,0.206433660061,6.39917710438,0.129205248451,0.202572518565
2024/09/30/21:04:46.423061,0.00227033149547,0.216888041516,8.0613929136,0.139205248451,0.212572518565
2024/09/30/21:04:46.525178,0.00293757700287,0.227389271004,9.99201921831,0.149205248451,0.222572518565
2024/09/30/21:04:46.624344,0.00357099995511,0.237939605412,12.2110560184,0.159205248451,0.232572518565
2024/09/30/21:04:46.722964,0.0039689476413,0.248541301618,14.7385033138,0.169205248451,0.242572518566
2024/09/30/21:04:46.824600,0.00395230940907,0.259196616488,17.5943611043,0.179205248451,0.252572518566
2024/09/30/21:04:46.919580,0.00376044831483,0.269907806881,20.7986293899,0.189205248451,0.262572518566
2024/09/30/21:04:47.023403,0.0036119730696,0.280677129646,24.3713081704,0.199205248451,0.272572518566
2024/09/30/21:04:47.120595,0.0037043662731,0.291506841622,28.3323974457,0.209205248451,0.282572518566
2024/09/30/21:04:47.223967,0.00421844429409,0.302399199639,32.7018972158,0.219205248451,0.292572518566
2024/09/30/21:04:47.322777,0.00491079385477,0.313356460517,37.4998074805,0.229205248451,0.302572518566
2024/09/30/21:04:47.425019,0.0055610527239,0.324380881065,42.7461282397,0.239205248451,0.312572518565
2024/09/30/21:04:47.519454,0.00597041324402,0.335474718085,48.4608594933,0.249205248451,0.322572518565
2024/09/30/21:04:47.623892,0.00596090866905,0.346640228367,54.6640012411,0.259205248451,0.332572518565
2024/09/30/21:04:47.722237,0.00577431160374,0.357879668693,61.3755534831,0.269205248451,0.342572518565
2024/09/30/21:04:47.823283,0.00563121941761,0.369195295833,68.6155162192,0.279205248451,0.352572518565
2024/09/30/21:04:47.921703,0.00573184246915,0.380589366548,76.4038894492,0.289205248451,0.362572518565
2024/09/30/21:04:48.023510,0.00625830467874,0.39206413759,84.760673173,0.299205248451,0.372572518565
2024/09/30/21:04:48.121833,0.00696277567796,0.403621865701,93.7058673906,0.309205248451,0.382572518565
2024/09/30/21:04:48.223952,0.00762350997039,0.41526480761,103.259472102,0.319205248451,0.392572518565
2024/09/30/21:04:48.321915,0.00804174017326,0.426995220041,113.441487306,0.329205248451,0.402572518565
2024/09/30/21:04:48.423118,0.00803951865149,0.438815359702,124.271913004,0.339205248451,0.412572518565
2024/09/30/21:04:48.521320,0.00785950725424,0.450727483296,135.770749195,0.349205248451,0.422572518565
2024/09/30/21:04:48.622927,0.00772307160509,0.462733847513,147.95799588,0.359205248451,0.432572518565
2024/09/30/21:04:48.720610,0.00783136675798,0.474836709032,160.853653057,0.369205248451,0.442572518565
2024/09/30/21:04:48.824123,0.00836708014853,0.487038324524,174.477720727,0.379205248451,0.452572518565
2024/09/30/21:04:48.920522,0.0090808961457,0.499340950648,188.850198889,0.389205248451,0.462572518565
2024/09/30/21:04:49.023275,0.00975041711799,0.511746844053,203.991087545,0.399205248451,0.472572518565
2024/09/30/21:04:49.120423,0.010176741753,0.524258261377,219.920386692,0.409205248451,0.482572518565
2024/09/30/21:04:49.222044,0.010181840412,0.536877459248,236.658096332,0.419205248451,0.492572518565
2024/09/30/21:04:49.319418,0.0100088088557,0.549606694282,254.224216465,0.429205248451,0.502572518565
2024/09/30/21:04:49.421853,0.00987939593072,0.562448223087,272.638747089,0.439205248451,0.512572518566
2024/09/30/21:04:49.520305,0.00999520084406,0.575404302256,291.921688205,0.449205248451,0.522572518566
2024/09/30/21:04:49.623474,0.0105392062704,0.588477188376,312.093039812,0.459205248451,0.532572518566
2024/09/30/21:04:49.719727,0.0112614183663,0.601669138018,333.172801911,0.469205248451,0.542572518566
2024/09/30/21:04:49.822464,0.0119390870884,0.614982407746,355.180974502,0.479205248451,0.552572518566
2024/09/30/21:04:49.919136,0.0123731941738,0.628419254111,378.137557583,0.489205248451,0.562572518566
2024/09/30/21:04:50.023513,0.0123856327821,0.641981933654,402.062551156,0.499205248451,0.572572518566
2024/09/30/21:04:50.119513,0.0122197470984,0.655672702902,426.975955219,0.509205248451,0.582572518566
2024/09/30/21:04:50.219382,0.000117263973916,0.0959246254036,0.10991442988,0.0192534323936,0.094338478471
2024/09/30/21:04:50.319000,0.000257102357625,0.106015397054,0.139603306289,0.0292534323936,0.104338478471
2024/09/30/21:04:50.421888,0.000881556742895,0.11612857886,0.217799047176,0.0392534323936,0.114338478471
2024/09/30/21:04:50.519114,0.00170127123121,0.12626642682,0.3645016524,0.0492534323936,0.124338478471
2024/09/30/21:04:50.621747,0.00247852644411,0.136431196928,0.599711121818,0.0592534323936,0.134338478471
2024/09/30/21:04:50.719639,0.00301203347146,0.146625145164,0.943427455286,0.0692534323936,0.144338478471
2024/09/30/21:04:50.823884,0.00312290147779,0.156850527502,1.41565065266,0.0792534323936,0.154338478471
2024/09/30/21:04:50.919182,0.00305497987052,0.167109599906,2.0363807138,0.0892534323936,0.164338478471
2024/09/30/21:04:51.024439,0.0030307892685,0.17740461833,2.82561763856,0.0992534323936,0.174338478471
2024/09/30/21:04:51.119325,0.00325275406043,0.18773783872,3.8033614268,0.109253432394,0.184338478471
2024/09/30/21:04:51.221735,0.00390458877718,0.198111517012,4.98961207837,0.119253432394,0.194338478471
2024/09/30/21:04:51.319394,0.00473517723805,0.208527909131,6.40436959314,0.129253432394,0.204338478471
2024/09/30/21:04:51.423712,0.00552090190155,0.218989270996,8.06763397095,0.139253432394,0.214338478471
2024/09/30/21:04:51.520505,0.0060621980643,0.229497858514,9.99940521167,0.149253432394,0.224338478471
2024/09/30/21:04:51.622183,0.00618053233091,0.240055927583,12.2196833151,0.159253432394,0.234338478471
2024/09/30/21:04:51.720297,0.00611997659304,0.250665734093,14.7484682812,0.169253432394,0.244338478471
2024/09/30/21:04:51.823816,0.00610317457283,0.261329533923,17.6057601098,0.179253432394,0.254338478471
2024/09/30/21:04:51.919591,0.00633266450791,0.272049582944,20.8115588007,0.189253432394,0.264338478471
2024/09/30/21:04:52.023907,3.63881986553e-05,0.082888931554,0.108529059146,0.0181931280177,0.0822572141596
2024/09/30/21:04:52.119520,0.000220695901487,0.0929584400543,0.139493162073,0.0281931280177,0.0922572141596
2024/09/30/21:04:52.223447,0.000377992549029,0.103047673286,0.216843520729,0.0381931280177,0.10225721416
2024/09/30/21:04:52.319603,0.000292264689573,0.113158891842,0.360580134968,0.0481931280177,0.11225721416
2024/09/30/21:04:52.423523,0.000221549607742,0.123294356307,0.590703004645,0.0581931280177,0.12225721416
2024/09/30/21:04:52.519500,0.000907758506291,0.133456327257,0.927212129613,0.0681931280177,0.13225721416
2024/09/30/21:04:52.624311,0.00155191184732,0.143647065257,1.39010750972,0.0781931280177,0.14225721416
2024/09/30/21:04:52.719611,0.0019499070682,0.153868830864,1.99938914484,0.0881931280177,0.15225721416
2024/09/30/21:04:52.820886,0.00191788891007,0.164123884627,2.7750570348,0.0981931280177,0.16225721416
2024/09/30/21:04:52.921140,0.00170719084598,0.174414487082,3.73711117947,0.108193128018,0.17225721416
2024/09/30/21:04:53.023755,0.00154146480005,0.184742898759,4.90555157869,0.118193128018,0.18225721416
2024/09/30/21:04:53.120292,0.00162021428224,0.195111380177,6.30037823233,0.128193128018,0.19225721416
2024/09/30/21:04:53.223691,0.00212195548749,0.205522191848,7.94159114023,0.138193128018,0.20225721416
2024/09/30/21:04:53.321044,0.00280264242795,0.215977594271,9.84919030225,0.148193128018,0.21225721416
2024/09/30/21:04:53.424372,0.00343959521956,0.226479847938,12.0431757182,0.158193128018,0.22225721416
2024/09/30/21:04:53.522641,0.00383022476623,0.237031213331,14.5435473881,0.168193128018,0.23225721416
2024/09/30/21:04:53.621967,0.00379077930611,0.247633950923,17.3703053116,0.178193128018,0.24225721416
2024/09/30/21:04:53.722914,0.00357262897861,0.258290321177,20.5434494886,0.188193128018,0.25225721416
2024/09/30/21:04:53.826236,0.00339944979188,0.269002584547,24.082979919,0.198193128018,0.26225721416
2024/09/30/21:04:53.922318,0.00347079034181,0.279773001476,28.0088966026,0.208193128018,0.27225721416
2024/09/30/21:04:54.024157,0.00396517408065,0.2906038324,32.3411995393,0.218193128018,0.28225721416
2024/09/30/21:04:54.120413,0.00463848466773,0.301497337742,37.099888729,0.228193128018,0.29225721416
2024/09/30/21:04:54.223858,0.0052680388117,0.312455777919,42.3049641714,0.238193128018,0.30225721416
2024/09/30/21:04:54.322266,0.00565125581192,0.323481413335,47.9764258665,0.248193128018,0.31225721416
2024/09/30/21:04:54.424213,0.00560438712274,0.334576504387,54.134273814,0.258193128018,0.32225721416
2024/09/30/21:04:54.522288,0.00537880907323,0.345743311461,60.7985080139,0.268193128018,0.33225721416
2024/09/30/21:04:54.626788,0.00519820258901,0.356984094933,67.9891284659,0.278193128018,0.34225721416
2024/09/30/21:04:54.724037,0.0052621229837,0.368301115169,75.72613517,0.288193128018,0.35225721416
2024/09/30/21:04:54.826113,0.00574909675205,0.379696632525,84.0295281259,0.298193128018,0.36225721416
2024/09/30/21:04:54.920969,0.00641499667354,0.391172907349,92.9193073335,0.308193128018,0.37225721416
2024/09/30/21:04:55.023719,0.00703713613209,0.402732199976,102.415472793,0.318193128018,0.38225721416
2024/09/30/21:04:55.119556,0.00741293460097,0.414376770734,112.538024503,0.328193128018,0.39225721416
2024/09/30/21:04:55.225053,2.45899372297e-05,0.0900768774164,0.109692576305,0.0188782997363,0.0891115665593
2024/09/30/21:04:55.323617,0.000201746085853,0.10015884093,0.139578715965,0.0288782997363,0.0991115665593
2024/09/30/21:04:55.423301,0.000381856111697,0.110262077095,0.217221454783,0.0388782997363,0.109111566559
2024/09/30/21:04:55.524023,0.000317507265605,0.120388846343,0.362620792612,0.0488782997363,0.119111566559
2024/09/30/21:04:55.623308,0.000170155844365,0.130541409094,0.595776729305,0.0588782997363,0.129111566559
2024/09/30/21:04:55.721848,0.000836387235161,0.140722025763,0.936689264714,0.0688782997363,0.139111566559
2024/09/30/21:04:55.823146,0.00145896472252,0.150932956751,1.40535839869,0.0788782997363,0.149111566559
2024/09/30/21:04:55.922122,0.00183520625193,0.161176462454,2.02178413109,0.0888782997363,0.159111566559
2024/09/30/21:04:56.023913,0.00178135647223,0.171454803255,2.80596646177,0.0988782997363,0.169111566559
2024/09/30/21:04:56.120465,0.00154879496124,0.181770239531,3.77790539057,0.108878299736,0.179111566559
2024/09/30/21:04:56.223076,0.000141701047601,0.0744141228493,0.103787793792,0.0173622825258,0.0740299195941
2024/09/30/21:04:56.323627,0.000289709324081,0.0844703127804,0.137831500931,0.0273622825258,0.0840299195941
2024/09/30/21:04:56.423815,0.000860785109542,0.094544371166,0.216599772822,0.0373622825258,0.0940299195941
2024/09/30/21:04:56.524114,0.0016107943851,0.104638559048,0.360092609318,0.0473622825258,0.104029919594
2024/09/30/21:04:56.622504,0.00231704134321,0.114755137459,0.588310010272,0.0573622825258,0.114029919594
2024/09/30/21:04:56.721569,0.00277694288866,0.124896367421,0.921251975537,0.0673622825258,0.124029919594
2024/09/30/21:04:56.822342,0.00280674905016,0.13506450995,1.37891850497,0.0773622825258,0.134029919594
2024/09/30/21:04:56.920141,0.0026578415956,0.14526182605,1.98130959841,0.0873622825258,0.144029919594
2024/09/30/21:04:57.022329,0.00255390621441,0.155490576716,2.74842525572,0.0973622825258,0.154029919594
2024/09/30/21:04:57.119886,0.00269450368528,0.165753022935,3.70026547676,0.107362282526,0.164029919594
2024/09/30/21:04:57.222035,0.00325816422112,0.176051425684,4.85683026137,0.117362282526,0.174029919594
2024/09/30/21:04:57.320248,0.00400075245629,0.186388045931,6.23811960941,0.127362282526,0.184029919594
2024/09/30/21:04:57.422467,0.00469957728226,0.196765144633,7.86413352072,0.137362282526,0.194029919594
2024/09/30/21:04:57.521534,0.00515205637996,0.207184982741,9.75487199517,0.147362282526,0.204029919594
2024/09/30/21:04:57.622039,0.00517443994232,0.217649821192,11.9303350326,0.157362282526,0.214029919594
2024/09/30/21:04:57.722399,0.00501810984621,0.228161920919,14.4105226329,0.167362282526,0.224029919594
2024/09/30/21:04:57.823307,0.00490675184826,0.238723542842,17.2154347958,0.177362282526,0.234029919594
2024/09/30/21:04:57.922495,0.00503992680461,0.249336947871,20.3650715213,0.187362282526,0.244029919594
2024/09/30/21:04:58.023980,0.00559616494109,0.26000439691,23.8794328092,0.197362282526,0.254029919594
2024/09/30/21:04:58.122735,0.006331330763,0.270728150849,27.7785186593,0.207362282526,0.264029919594
2024/09/30/21:04:58.220269,0.0070227331397,0.281510470573,32.0823290715,0.217362282526,0.274029919594
2024/09/30/21:04:58.322119,0.00746778976266,0.292353616954,36.8108640457,0.227362282526,0.284029919594
2024/09/30/21:04:58.422222,0.00748275083052,0.303259850856,41.9841235816,0.237362282526,0.294029919594
2024/09/30/21:04:58.523923,0.00731899824027,0.314231433133,47.6221076792,0.247362282526,0.304029919594
2024/09/30/21:04:58.623179,0.0072002177632,0.325270624628,53.7448163382,0.257362282526,0.314029919594
2024/09/30/21:04:58.724132,0.00732597027095,0.336379686178,60.3722495586,0.267362282526,0.324029919594
2024/09/30/21:04:58.824024,0.00787478599601,0.347560878605,67.5244073402,0.277362282526,0.334029919594
2024/09/30/21:04:58.922817,0.00860252941767,0.358816462726,75.2212896827,0.287362282526,0.344029919594
2024/09/30/21:04:59.018665,0.00928650939521,0.370148699345,83.4828965862,0.297362282526,0.354029919594
2024/09/30/21:04:59.122620,0.0097241436187,0.381559849257,92.3292280503,0.307362282526,0.364029919594
2024/09/30/21:04:59.223217,0.00973168228614,0.393052173248,101.780284075,0.317362282526,0.374029919594
2024/09/30/21:04:59.322541,0.00956050730151,0.404627932092,111.85606466,0.327362282526,0.384029919594
2024/09/30/21:04:59.422667,0.00943430444153,0.416289386555,122.576569805,0.337362282526,0.394029919594
2024/09/30/21:04:59.522710,0.00955263458339,0.428038797391,133.961799511,0.347362282526,0.404029919594
2024/09/30/21:04:59.623919,0.0100940279626,0.439878425346,146.031753776,0.357362282526,0.414029919594
2024/09/30/21:04:59.718515,0.010814349049,0.451810531153,158.806432601,0.367362282526,0.424029919594
2024/09/30/21:04:59.818633,0.0114909066971,0.463837375538,172.305835986,0.377362282526,0.434029919594
2024/09/30/21:04:59.922791,0.0119211185955,0.475961219214,186.549963929,0.387362282526,0.444029919594
2024/09/30/21:05:00.020032,0.0119212349411,0.488184322884,201.558816432,0.397362282526,0.454029919594
2024/09/30/21:05:00.124748,0.011742637641,0.500508947243,217.352393494,0.407362282526,0.464029919594
2024/09/30/21:05:00.222383,0.0116090124746,0.512937352972,233.950695115,0.417362282526,0.474029919594
2024/09/30/21:05:00.318931,1.29712463583e-05,0.0930413225855,0.109847290976,0.0191014474298,0.0918170532657
2024/09/30/21:05:00.421555,0.000405019671382,0.103128129017,0.139585869797,0.0291014474298,0.101817053266
2024/09/30/21:05:00.519298,0.000103407375153,0.0607579431566,0.0695659770715,0.0168199213908,0.060411531183
2024/09/30/21:05:00.618932,0.000190581839806,0.0707940619998,0.106420912261,0.0268199213908,0.070411531183
2024/09/30/21:05:00.722378,3.14122309408e-05,0.0808449400681,0.186915689933,0.0368199213908,0.080411531183
2024/09/30/21:05:00.822826,0.00055785358324,0.0909128337928,0.331050309942,0.0468199213908,0.090411531183
2024/09/30/21:05:00.922733,0.00132583126824,0.100999999596,0.55882477214,0.0568199213908,0.100411531183
2024/09/30/21:05:01.022738,0.00204883594133,0.111108693891,0.89023907638,0.0668199213908,0.110411531183
2024/09/30/21:05:01.121995,0.00252730670065,0.121241173082,1.34529322252,0.0768199213908,0.120411531183
2024/09/30/21:05:01.221605,0.00258271330142,0.131399693563,1.9439872104,0.0868199213908,0.130411531183
2024/09/30/21:05:01.322743,0.00245919128431,0.14158651172,2.70632103988,0.0968199213908,0.140411531183
2024/09/30/21:05:01.423388,0.00237943180152,0.151803883929,3.65229471082,0.106819921391,0.150411531183
2024/09/30/21:05:01.522030,0.00254601716753,0.162054066556,4.80190822306,0.116819921391,0.160411531183
2024/09/30/21:05:01.623462,0.00314269718789,0.172339315961,6.17516157646,0.126819921391,0.170411531183
2024/09/30/21:05:01.722345,0.00391808994894,0.18266188849,7.79205477087,0.136819921391,0.180411531183
2024/09/30/21:05:01.822954,0.00464850966476,0.193024040484,9.67258780614,0.146819921391,0.190411531183
2024/09/30/21:05:01.922745,0.00513439544879,0.203428028271,11.8367606821,0.156819921391,0.200411531183
2024/09/30/21:05:02.022617,0.00519721705866,0.213876108173,14.3045733987,0.166819921391,0.210411531183
2024/09/30/21:05:02.123624,0.00508111003631,0.224370536501,17.0960259557,0.176819921391,0.220411531183
2024/09/30/21:05:02.222712,0.00500876553475,0.234913569556,20.2311183529,0.186819921391,0.230411531183
2024/09/30/21:05:02.323498,0.0051827658693,0.24550746363,23.7298505903,0.196819921391,0.240411531183
2024/09/30/21:05:02.424077,0.00578686084576,0.256154475007,27.6122226676,0.206819921391,0.250411531183
2024/09/30/21:05:02.522879,0.00656966854946,0.266856859959,31.8982345847,0.216819921391,0.260411531183
2024/09/30/21:05:02.624125,0.00730750319452,0.277616874751,36.6078863416,0.226819921391,0.270411531183
2024/09/30/21:05:02.722150,0.0078008038947,0.288436775636,41.7611779379,0.236819921391,0.280411531183
2024/09/30/21:05:02.823028,0.00787104040789,0.29931881886,47.3781093736,0.246819921391,0.290411531183
2024/09/30/21:05:02.922750,0.0077623482764,0.310265260657,53.4786806486,0.256819921391,0.300411531183
2024/09/30/21:05:03.021650,0.00769741865356,0.321278357253,60.0828917626,0.266819921391,0.310411531183
2024/09/30/21:05:03.122209,0.00787883385501,0.332360364863,67.2107427155,0.276819921391,0.320411531183
2024/09/30/21:05:03.223427,0.00849034368681,0.343513539694,74.8822335072,0.286819921391,0.330411531183
2024/09/30/21:05:03.323371,0.00928056623433,0.354740137941,83.1173641374,0.296819921391,0.340411531183
2024/09/30/21:05:03.424256,0.0100258157118,0.366042415792,91.9361346062,0.306819921391,0.350411531183
2024/09/30/21:05:03.523189,0.0105265312333,0.377422629421,101.358544913,0.316819921391,0.360411531183
2024/09/30/21:05:03.623004,0.0106041825568,0.388883034996,111.404595058,0.326819921391,0.370411531183
2024/09/30/21:05:03.723468,0.010502905225,0.400425888674,122.094285041,0.336819921391,0.380411531183
2024/09/30/21:05:03.823378,0.0104453903915,0.412053446601,133.447614862,0.346819921391,0.390411531183
2024/09/30/21:05:03.920680,0.0106342203721,0.423767964913,145.484584521,0.356819921391,0.400411531183
2024/09/30/21:05:04.023577,0.0112531449733,0.435571699737,158.225194017,0.366819921391,0.410411531183
2024/09/30/21:05:04.123019,0.0120507822805,0.447466907188,171.68944335,0.376819921391,0.420411531183
2024/09/30/21:05:04.218551,0.0128034465082,0.459455843374,185.89733252,0.386819921391,0.430411531183
2024/09/30/21:05:04.319987,0.0133115767707,0.471540764389,200.868861528,0.396819921391,0.440411531183
2024/09/30/21:05:04.422258,0.0133966428262,0.483723926319,216.624030372,0.406819921391,0.450411531183
2024/09/30/21:05:04.523767,0.0133027802176,0.496007585239,233.182839052,0.416819921391,0.460411531183
2024/09/30/21:05:04.622848,0.0132526800989,0.508393997212,250.565287569,0.426819921391,0.470411531183
2024/09/30/21:05:04.723270,0.0134489247861,0.520885418294,268.791375922,0.436819921391,0.480411531183
2024/09/30/21:05:04.820235,0.0140752640858,0.533484104527,287.881104111,0.446819921391,0.490411531183
2024/09/30/21:05:04.922735,0.0148803160838,0.546192311945,307.854472136,0.456819921391,0.500411531183
2024/09/30/21:05:05.021625,0.0156403949948,0.559012296568,328.731479996,0.466819921391,0.510411531183
2024/09/30/21:05:05.121885,0.0161559399332,0.571946314409,350.532127692,0.476819921391,0.520411531183
2024/09/30/21:05:05.222111,0.0162484206575,0.584996621467,373.276415223,0.486819921391,0.530411531183
2024/09/30/21:05:05.324462,0.0161619727108,0.598165473732,396.984342588,0.496819921391,0.540411531183
2024/09/30/21:05:05.423707,1.68939403716e-05,0.0949081408287,0.109908303573,0.0192369206936,0.0934696703303
2024/09/30/21:05:05.525447,0.000227180588565,0.104997634029,0.139600763913,0.0292369206936,0.10346967033
2024/09/30/21:05:05.622796,0.000867561857521,0.115109341719,0.217767065322,0.0392369206936,0.11346967033
2024/09/30/21:05:05.721471,0.00168665580391,0.125245519937,0.364407207652,0.0492369206936,0.12346967033
2024/09/30/21:05:05.824853,0.00246077664007,0.135408424711,0.599521190757,0.0592369206936,0.13346967033
2024/09/30/21:05:05.920588,0.0029903634793,0.145600312062,0.943109014489,0.0692369206936,0.14346967033
2024/09/30/21:05:06.023430,0.00309688607913,0.155823437999,1.4151706787,0.0792369206936,0.15346967033
2024/09/30/21:05:06.123389,0.00302447998166,0.166080058524,2.03570618325,0.0892369206936,0.16346967033
2024/09/30/21:05:06.223463,0.00299583633996,0.176372429627,2.82471552797,0.0992369206936,0.17346967033
2024/09/30/21:05:06.323910,0.00321353746945,0.186702807292,3.80219871274,0.109236920694,0.18346967033
2024/09/30/21:05:06.419687,0.00386133317586,0.197073447492,4.9881557374,0.119236920694,0.19346967033
2024/09/30/21:05:06.524997,0.00468784154413,0.20748660619,6.40258660179,0.129236920694,0.20346967033
2024/09/30/21:05:06.624150,0.00546937678808,0.21794453934,8.06549130579,0.139236920694,0.21346967033
2024/09/30/21:05:06.724624,0.00600637802129,0.228449502889,9.99686984922,0.149236920694,0.22346967033
2024/09/30/21:05:06.819314,0.00612031500148,0.239003752771,12.216722232,0.159236920694,0.23346967033
2024/09/30/21:05:06.924120,0.00605532327094,0.249609544913,14.7450484538,0.169236920694,0.24346967033
2024/09/30/21:05:07.022669,0.00603409398293,0.260269135231,17.6018485147,0.179236920694,0.25346967033
2024/09/30/21:05:07.122846,0.00625920945302,0.270984779634,20.8071224145,0.189236920694,0.26346967033
2024/09/30/21:05:07.218493,1.43199840046e-05,0.0828128159011,0.108528832012,0.0181930680239,0.0821928153687
2024/09/30/21:05:07.325287,0.000217904580968,0.0928822782711,0.139493108406,0.0281930680239,0.0921928153687
2024/09/30/21:05:07.424272,0.000376517008831,0.1029714508,0.216843520539,0.0381930680239,0.102192815369
2024/09/30/21:05:07.521675,0.000290596378518,0.11308259408,0.360580068265,0.0481930680239,0.112192815369
2024/09/30/21:05:07.622066,0.000218387552888,0.123217968695,0.590702751436,0.0581930680239,0.122192815369
2024/09/30/21:05:07.722257,0.000906299242523,0.133379835219,0.927211569905,0.0681930680239,0.132192815369
2024/09/30/21:05:07.822387,0.000105187910065,0.0671124567554,0.0936590141785,0.0169068358382,0.0668579993292
2024/09/30/21:05:07.921707,6.70711502777e-05,0.0501629731854,0.0607116933908,0.0159433448419,0.0500554134213
2024/09/30/21:05:08.021991,0.000540708425051,0.0601876388296,0.0948438861339,0.0259433448419,0.0600554134213
2024/09/30/21:05:08.122195,0.00119484154125,0.0702247314577,0.170862768388,0.0359433448419,0.0700554134213
2024/09/30/21:05:08.219296,0.00180410379129,0.0802765082771,0.308768340061,0.0459433448419,0.0800554134213
2024/09/30/21:05:08.322820,0.00216885280773,0.0903452264862,0.528560601062,0.0559433448419,0.0900554134213
2024/09/30/21:05:08.419169,0.00211054967405,0.100433143274,0.8502395513,0.0659433448419,0.100055413421
2024/09/30/21:05:08.522348,0.00187332237311,0.110542515821,1.29380519068,0.0759433448419,0.110055413421
2024/09/30/21:05:08.620600,0.00167985779644,0.120675601297,1.87925751912,0.0859433448419,0.120055413421
2024/09/30/21:05:08.722432,0.00173272130897,0.130834656864,2.62659653652,0.0959433448419,0.130055413421
2024/09/30/21:05:08.819111,0.00221564932931,0.141021939675,3.5558222428,0.105943344842,0.140055413421
2024/09/30/21:05:08.922806,0.00287729247694,0.151239706873,4.68693463785,0.115943344842,0.150055413421
2024/09/30/21:05:09.021339,0.00349397243262,0.16149021559,6.0399337216,0.125943344842,0.160055413421
2024/09/30/21:05:09.124156,0.00386612823036,0.171775722953,7.63481949394,0.135943344842,0.170055413421
2024/09/30/21:05:09.220341,0.0038152306477,0.182098486076,9.49159195478,0.145943344842,0.180055413421
2024/09/30/21:05:09.323095,0.00358541006617,0.192460762066,11.630251104,0.155943344842,0.190055413421
2024/09/30/21:05:09.420934,0.00339935230956,0.202864808018,14.0707969416,0.165943344842,0.200055413421
2024/09/30/21:05:09.523105,0.00345963211744,0.213312881021,16.8332294674,0.175943344842,0.210055413421
2024/09/30/21:05:09.620675,0.00394999467171,0.223807238152,19.9375486814,0.185943344842,0.220055413421
2024/09/30/21:05:09.723831,0.00461906922455,0.23435013648,23.4037545834,0.195943344842,0.230055413421
2024/09/30/21:05:09.820126,0.00524317479881,0.244943833063,27.2518471733,0.205943344842,0.240055413421
2024/09/30/21:05:09.923667,0.00562275155806,0.255590584953,31.5018264511,0.215943344842,0.250055413421
2024/09/30/21:05:10.020169,0.00557927002281,0.266292649188,36.1736924167,0.225943344842,0.260055413421
2024/09/30/21:05:10.123611,0.00535686257301,0.277052282799,41.2874450699,0.235943344842,0.270055413421
2024/09/30/21:05:10.219828,0.00517821748779,0.287871742808,46.8630844108,0.245943344842,0.280055413421
2024/09/30/21:05:10.323311,0.00524594577986,0.298753286226,52.9206104391,0.255943344842,0.290055413421
2024/09/30/21:05:10.420057,3.88979534831e-05,0.08463605148,0.109376310244,0.0186029653677,0.0840089698904
2024/09/30/21:05:10.523186,4.12719805297e-05,0.0558367624434,0.063792671372,0.0162912727314,0.0556306407952
2024/09/30/21:05:10.619122,3.05786665585e-05,0.0458349274714,0.0518603627533,0.0158790680414,0.045737316974
2024/09/30/21:05:10.722432,1.95790484978e-05,0.041434247674,0.0477346637635,0.0157574609343,0.0413787294195
2024/09/30/21:05:10.819571,0.000526410573595,0.0514509499258,0.0832002588278,0.0257574609343,0.0513787294195
2024/09/30/21:05:10.923112,0.00121669983072,0.0614781362958,0.160180775455,0.0357574609343,0.0613787294196
2024/09/30/21:05:11.018950,0.00186330242489,0.0715180673905,0.298676213491,0.0457574609343,0.0713787294196
2024/09/30/21:05:11.123643,0.00226358631948,0.0815730038074,0.518686572782,0.0557574609343,0.0813787294196
2024/09/30/21:05:11.219324,0.00223379734568,0.0916452061348,0.840211853175,0.0657574609343,0.0913787294196
2024/09/30/21:05:11.323868,0.00202530916936,0.101736934952,1.28325205452,0.0757574609343,0.10137872942
2024/09/30/21:05:11.419003,0.0018617956043,0.111850450828,1.86780717665,0.0857574609343,0.11137872942
2024/09/30/21:05:11.523353,0.00194279285371,0.121988014324,2.61387721943,0.0957574609343,0.12137872942
2024/09/30/21:05:11.618878,0.0024468186814,0.132151885992,3.54146218269,0.105757460934,0.13137872942
2024/09/30/21:05:11.722869,0.00312977295164,0.142344326373,4.67056206628,0.115757460934,0.14137872942
2024/09/30/21:05:11.818790,0.00376897441305,0.152567596001,6.02117687005,0.125757460934,0.15137872942
2024/09/30/21:05:11.920362,0.00416184095533,0.162823955399,7.61330659384,0.135757460934,0.16137872942
2024/09/30/21:05:12.018954,0.00412462453698,0.173115665082,9.46695123751,0.145757460934,0.17137872942
2024/09/30/21:05:12.123707,0.00390870100236,0.183444985555,11.6021108009,0.155757460934,0.18137872942
2024/09/30/21:05:12.217998,0.00373774977634,0.193814177313,14.0387852838,0.165757460934,0.19137872942
2024/09/30/21:05:12.322997,0.00381132194781,0.204225500844,16.7969746862,0.175757460934,0.20137872942
2024/09/30/21:05:12.419015,0.00430794002202,0.214681216623,19.8966790078,0.185757460934,0.21137872942
2024/09/30/21:05:12.522999,0.00498348262438,0.225183585119,23.3578982485,0.195757460934,0.22137872942
2024/09/30/21:05:12.618855,0.0056152661611,0.235734866791,27.2006324081,0.205757460934,0.23137872942
2024/09/30/21:05:12.723410,0.00600071131828,0.246337322086,31.4448814865,0.215757460934,0.24137872942
2024/09/30/21:05:12.819276,6.45724083976e-05,0.080927630236,0.108991989923,0.0183836366919,0.080449515813
2024/09/30/21:05:12.922690,2.13423245791e-05,0.0547279957767,0.0637451397317,0.0162591690526,0.0545609455324
2024/09/30/21:05:13.020421,5.87821836722e-05,0.0647575586296,0.0963504860389,0.0262591690526,0.0645609455324
2024/09/30/21:05:13.122206,0.000145492605525,0.0748005902746,0.171474170288,0.0362591690526,0.0745609455324
2024/09/30/21:05:13.220347,0.00076669727577,0.0848593520847,0.309116192394,0.0462591690526,0.0845609455324
2024/09/30/21:05:13.323241,0.00156788435458,0.0949361054239,0.52927655227,0.0562591690526,0.0945609455324
2024/09/30/21:05:13.420372,0.00232540666609,0.105033111647,0.851955249831,0.0662591690526,0.104560945532
2024/09/30/21:05:13.523100,0.00283661821476,0.115152632099,1.29715228499,0.0762591690526,0.114560945532
2024/09/30/21:05:13.619964,0.00291776541289,0.125296928116,1.88486765766,0.0862591690526,0.124560945532
2024/09/30/21:05:13.722643,0.00282021626269,0.135468261026,2.63510136776,0.0962591690526,0.134560945532
2024/09/30/21:05:13.820619,0.00276764089125,0.145668892147,3.56785341519,0.106259169053,0.144560945532
2024/09/30/21:05:13.922808,0.00295957611644,0.155901082785,4.70312379988,0.116259169053,0.154560945532
2024/09/30/21:05:14.020455,0.00357454058708,0.166167094242,6.06091252174,0.126259169053,0.164560945532
2024/09/30/21:05:14.122999,0.00436843094327,0.176469187807,7.66121958068,0.136259169053,0.174560945532
2024/09/30/21:05:14.221752,0.00511856845305,0.186809624761,9.52404497661,0.146259169053,0.184560945532
2024/09/30/21:05:14.323244,0.0056223729629,0.197190666374,11.6693887095,0.156259169053,0.194560945532
2024/09/30/21:05:14.420244,0.00569609630197,0.207614573909,14.1172507791,0.166259169053,0.204560945533
2024/09/30/21:05:14.523580,0.00559111199635,0.218083608618,16.8876311855,0.176259169053,0.214560945532
2024/09/30/21:05:14.622704,0.00553109840642,0.228600031746,20.0005299286,0.186259169053,0.224560945533
2024/09/30/21:05:14.722272,0.00571560814296,0.239166104524,23.4759470082,0.196259169053,0.234560945532
2024/09/30/21:05:14.821522,0.00632316577263,0.249784088178,27.3338824242,0.206259169053,0.244560945533
2024/09/30/21:05:14.921776,0.00710964797882,0.260456243922,31.5943361767,0.216259169053,0.254560945532
2024/09/30/21:05:15.022745,0.00785237054626,0.271184832962,36.2773082654,0.226259169053,0.264560945532
2024/09/30/21:05:15.123695,0.00834875438442,0.281972116493,41.4027986904,0.236259169053,0.274560945532
2024/09/30/21:05:15.223085,0.00841509348161,0.292820355702,46.9908074515,0.246259169053,0.284560945532
2024/09/30/21:05:15.322579,0.00830276962803,0.303731811765,53.0613345486,0.256259169053,0.294560945532
2024/09/30/21:05:15.421848,0.00823544324723,0.314708745848,59.6343799816,0.266259169053,0.304560945532
2024/09/30/21:05:15.523513,3.42713860431e-05,0.0855733660182,0.109441595635,0.0186493646066,0.0848976035223
2024/09/30/21:05:15.618470,6.94736794327e-05,0.0561099509581,0.0638000694989,0.016297844276,0.0558912166547
2024/09/30/21:05:15.721723,0.00037502848195,0.0661408225626,0.0963523389586,0.026297844276,0.0658912166547
2024/09/30/21:05:15.824237,0.000637079091083,0.0761854413653,0.171500296706,0.036297844276,0.0758912166547
2024/09/30/21:05:15.924011,0.000652808126812,0.086246065089,0.309243942609,0.046297844276,0.0858912166547
2024/09/30/21:05:16.021941,0.000238451095294,0.0963249514478,0.529583276532,0.056297844276,0.0958912166547
2024/09/30/21:05:16.124024,0.000354617736622,0.106424358146,0.852518298342,0.066297844276,0.105891216655
2024/09/30/21:05:16.224224,0.00090271281434,0.11654654288,1.29804900791,0.076297844276,0.115891216655
2024/09/30/21:05:16.323572,0.00120627711134,0.126693763335,1.88617540509,0.086297844276,0.125891216655
2024/09/30/21:05:16.420965,0.0010867870969,0.136868277189,2.63689748976,0.096297844276,0.135891216655
2024/09/30/21:05:16.523641,0.000788391605611,0.14707234211,3.57021526178,0.106297844276,0.145891216655
2024/09/30/21:05:16.621690,0.000533803598444,0.157308215756,4.70612872102,0.116297844276,0.155891216655
2024/09/30/21:05:16.724610,0.000525541367545,0.167578155776,6.06463786734,0.126297844276,0.165891216655
2024/09/30/21:05:16.822960,0.000947255416862,0.177884419811,7.66574270061,0.136297844276,0.175891216655
2024/09/30/21:05:16.923990,0.00154770491303,0.188229265492,9.5294432207,0.146297844276,0.185891216655
2024/09/30/21:05:17.023474,0.00210320562577,0.198614950439,11.6757394275,0.156297844276,0.195891216655
2024/09/30/21:05:17.122283,0.00241419019285,0.209043732266,14.1246313208,0.166297844276,0.205891216655
2024/09/30/21:05:17.218578,0.00230213516206,0.219517868574,16.8961189005,0.176297844276,0.215891216655
2024/09/30/21:05:17.323508,0.00201117479111,0.230039616958,20.0102021665,0.186297844276,0.225891216655
2024/09/30/21:05:17.423495,0.00176399210925,0.240611235001,23.4868811187,0.196297844276,0.235891216655
2024/09/30/21:05:17.523671,0.00176312858176,0.251234980278,27.3461557568,0.206297844276,0.245891216655
2024/09/30/21:05:17.623898,3.77158338829e-05,0.0813239254056,0.108853989545,0.0183205443579,0.0808246987773
2024/09/30/21:05:17.724433,3.55547826284e-05,0.0548487085694,0.0637267932377,0.016249579598,0.0546758002506
2024/09/30/21:05:17.823911,6.56145038713e-05,0.0648783272323,0.0963491359993,0.026249579598,0.0646758002506
2024/09/30/21:05:17.923413,0.000152463661059,0.0749214410956,0.1714706378,0.036249579598,0.0746758002506
2024/09/30/21:05:18.019001,0.000782630875292,0.0849803116038,0.309091298556,0.046249579598,0.0846758002506
2024/09/30/21:05:18.123999,0.00159365161069,0.0950572001919,0.529211118184,0.056249579598,0.0946758002506
2024/09/30/21:05:18.222710,0.00236109678787,0.105154368286,0.851830096602,0.066249579598,0.104675800251
2024/09/30/21:05:18.323477,0.00288226112947,0.115274077303,1.29694823372,0.076249579598,0.114675800251
2024/09/30/21:05:18.423988,0.00297338338477,0.125418588651,1.88456552947,0.086249579598,0.124675800251
2024/09/30/21:05:18.523446,0.00288581984301,0.135590163727,2.63468198375,0.096249579598,0.134675800251
2024/09/30/21:05:18.623718,0.0028432299366,0.145791063921,3.56729759649,0.106249579598,0.144675800251
2024/09/30/21:05:18.724174,0.00304513590765,0.156023550613,4.7024123676,0.116249579598,0.154675800251
2024/09/30/21:05:18.822976,0.00367004937746,0.166289885174,6.06002629699,0.126249579598,0.164675800251
2024/09/30/21:05:18.924153,0.00447388774702,0.176592328964,7.66013938459,0.136249579598,0.174675800251
2024/09/30/21:05:19.022549,0.00523398030258,0.186933143336,9.52275163031,0.146249579598,0.184675800251
2024/09/30/21:05:19.123982,0.0057477486371,0.197314589632,11.6678630341,0.156249579598,0.194675800251
2024/09/30/21:05:19.222664,0.00583144618854,0.207738929186,14.1154735958,0.166249579598,0.204675800251
2024/09/30/21:05:19.323768,0.00573644065749,0.218208423321,16.8855833153,0.176249579598,0.214675800251
2024/09/30/21:05:19.422667,0.0143199120088,0.228725333352,19.9981921927,0.186249579598,0.224675800251
2024/09/30/21:05:19.524612,0.03991164302,0.239291920584,23.4733002278,0.196249579598,0.234675800251
2024/09/30/21:05:19.623591,0.0893804770672,0.249910446313,27.3309074204,0.206249579598,0.244675800251
2024/09/30/21:05:19.724611,0.169769644182,0.260583171825,31.5910137706,0.216249579598,0.254675800251
2024/09/30/21:05:19.824468,0.416820978936,0.0820460187879,0.108995351515,0.0183852941997,0.0815229669961
2024/09/30/21:05:19.923822,0.390422745289,0.0929760202166,0.138634242212,0.0283852941997,0.0915229669961
2024/09/30/21:05:20.024035,0.324001741605,0.106126042827,0.212841712104,0.0383852941997,0.101522966996
2024/09/30/21:05:20.124297,0.41741143795,0.0611112112263,0.0758854306061,0.0168598771936,0.0603401690518
2024/09/30/21:05:20.222772,0.356882779088,0.0753034691492,0.110425700137,0.0268598771936,0.0703401690518
2024/09/30/21:05:20.325120,0.27885780783,0.0971449039256,0.181048375177,0.0368598771936,0.0803401690518
2024/09/30/21:05:20.424806,0.359463128481,0.0573818123794,0.0709303183311,0.0166162610998,0.0545305055606
2024/09/30/21:05:20.525262,0.282513160773,0.0778416918042,0.100228487846,0.0266162610998,0.0645305055606
2024/09/30/21:05:20.624362,0.297369756645,0.0537759702749,0.0599327101041,0.0164150143212,0.049212005566
2024/09/30/21:05:20.723708,0.233014304774,0.0804166805061,0.0819530265862,0.0264150143212,0.059212005566
2024/09/30/21:05:20.822783,0.245322674458,0.133982502612,0.119885465243,0.0364150143212,0.0692120055661
2024/09/30/21:05:20.924157,0.198984829674,0.062725975468,0.0603478863651,0.0165432631656,0.0508931431059
2024/09/30/21:05:21.022468,0.179418143125,0.0977247480874,0.0755296989199,0.0265432631656,0.0608931431059
2024/09/30/21:05:21.123016,0.299655096047,0.170278348774,0.0962496657572,0.0365432631656,0.0708931431059
