time,.header.seq,.header.stamp.secs,.header.stamp.nsecs,.header.frame_id,.V_opt,.Collision_cone
2024/09/30/21:04:31.020188,1,0,0,,"(0.949999988079071, 0.0)","(3.4119210243225098, -0.3866068422794342, 65.35657501220703, 82.52967834472656, 86.31529235839844, 61.575321197509766)"
2024/09/30/21:04:31.123018,2,0,0,,"(0.949999988079071, 0.0)","(3.8359646797180176, -0.3866068422794342, 65.44098663330078, 82.15926361083984, 86.35661315917969, 61.252201080322266)"
2024/09/30/21:04:31.220058,3,0,0,,"(0.949999988079071, 0.0)","(4.260415554046631, -0.3866068422794342, 65.82469940185547, 82.18965911865234, 86.7988510131836, 61.22837829589844)"
2024/09/30/21:04:31.322644,4,0,0,,"(0.949999988079071, 0.0)","(4.685474872589111, -0.3866068422794342, 65.90991973876953, 81.8193359375, 86.8409194946289, 60.90558624267578)"
2024/09/30/21:04:31.419775,5,0,0,,"(0.949999988079071, 0.0)","(5.1113386154174805, -0.3866068422794342, 66.2943115234375, 81.85021209716797, 87.28440856933594, 60.8819580078125)"
2024/09/30/21:04:31.524075,6,0,0,,"(0.949999988079071, 0.0)","(5.5381975173950195, -0.3866068422794342, 66.38087463378906, 81.48016357421875, 87.32786560058594, 60.55968475341797)"
2024/09/30/21:04:31.618406,7,0,0,,"(0.949999988079071, 0.0)","(5.9662346839904785, -0.3866068422794342, 66.4684066772461, 81.11024475097656, 87.37220764160156, 60.23779296875)"
2024/09/30/21:04:31.723282,8,0,0,,"(0.949999988079071, 0.0)","(6.395627975463867, -0.3866068422794342, 66.85485076904297, 81.1421127319336, 87.81867218017578, 60.21485900878906)"
2024/09/30/21:04:31.819551,9,0,0,,"(0.949999988079071, 0.0)","(6.826547622680664, -0.3866068422794342, 66.9444580078125, 80.7727279663086, 87.86529541015625, 59.89374542236328)"
2024/09/30/21:04:31.923226,10,0,0,,"(0.949999988079071, 0.0)","(7.259159088134766, -0.3866068422794342, 67.33277130126953, 80.8055191040039, 88.31449127197266, 59.87144470214844)"
2024/09/30/21:04:32.019319,11,0,0,,"(0.949999988079071, 0.0)","(7.693619728088379, -0.3866068422794342, 67.42489624023438, 80.43680572509766, 88.36394500732422, 59.55126953125)"
2024/09/30/21:04:32.118721,12,0,0,,"(0.949999988079071, 0.0)","(8.130080223083496, -0.3866068422794342, 67.81549072265625, 80.47068786621094, 88.81637573242188, 59.529762268066406)"
2024/09/30/21:04:32.219452,13,0,0,,"(0.949999988079071, 0.0)","(8.568685531616211, -0.3866068422794342, 67.9105453491211, 80.10279846191406, 88.86914825439453, 59.21066665649414)"
2024/09/30/21:04:32.324640,14,0,0,,"(0.949999988079071, 0.0)","(9.009572982788086, -0.3866068422794342, 68.00731658935547, 79.73527526855469, 88.92372131347656, 58.892215728759766)"
2024/09/30/21:04:32.419442,15,0,0,,"(0.949999988079071, 0.0)","(9.452873229980469, -0.3866068422794342, 68.40213012695312, 79.77095794677734, 89.3818588256836, 58.872215270996094)"
2024/09/30/21:04:32.523614,16,0,0,,"(0.949999988079071, 0.0)","(9.898709297180176, -0.3866068422794342, 68.50237274169922, 79.40443420410156, 89.44042205810547, 58.555030822753906)"
2024/09/30/21:04:32.619710,17,0,0,,"(0.949999988079071, 0.0)","(10.347198486328125, -0.3866068422794342, 68.90031433105469, 79.44153594970703, 89.90288543701172, 58.53615951538086)"
2024/09/30/21:04:32.722505,18,0,0,,"(0.949999988079071, 0.0)","(10.798449516296387, -0.3866068422794342, 69.00433349609375, 79.07611846923828, 89.96582794189453, 58.22035217285156)"
2024/09/30/21:04:32.819961,19,0,0,,"(0.949999988079071, 0.0)","(11.252564430236816, -0.3866068422794342, 69.40567016601562, 79.11475372314453, 90.43299102783203, 58.202728271484375)"
2024/09/30/21:04:32.923695,20,0,0,,"(0.949999988079071, 0.0)","(11.709640502929688, -0.3866068422794342, 69.51374053955078, 78.75052642822266, 90.50065612792969, 57.888397216796875)"
2024/09/30/21:04:33.019348,21,0,0,,"(0.949999988079071, 0.0)","(12.169766426086426, -0.3866068422794342, 69.62406158447266, 78.38682556152344, 90.57076263427734, 57.57487869262695)"
2024/09/30/21:04:33.121832,22,0,0,,"(0.949999988079071, 0.0)","(12.63302230834961, -0.3866068422794342, 70.03104400634766, 78.42784118652344, 91.04550170898438, 57.55934524536133)"
2024/09/30/21:04:33.219715,23,0,0,,"(0.949999988079071, 0.0)","(13.09948444366455, -0.3866068422794342, 70.14575958251953, 78.06543731689453, 91.12075805664062, 57.24741744995117)"
2024/09/30/21:04:33.323638,24,0,0,,"(0.949999988079071, 0.0)","(13.569220542907715, -0.3866068422794342, 70.55663299560547, 78.10820007324219, 91.60087585449219, 57.23335647583008)"
2024/09/30/21:04:33.420977,25,0,0,,"(0.949999988079071, 0.0)","(14.042292594909668, -0.3866068422794342, 70.6759033203125, 77.74714660644531, 91.6815185546875, 56.92308807373047)"
2024/09/30/21:04:33.523290,26,0,0,,"(0.949999988079071, 0.0)","(14.518755912780762, -0.3866068422794342, 70.79767608642578, 77.38667297363281, 91.764892578125, 56.61369323730469)"
2024/09/30/21:04:33.619370,27,0,0,,"(0.949999988079071, 0.0)","(14.998659133911133, -0.3866068422794342, 71.21476745605469, 77.43208312988281, 92.25341796875, 56.60200500488281)"
2024/09/30/21:04:33.723769,28,0,0,,"(0.949999988079071, 0.0)","(15.48204517364502, -0.3866068422794342, 71.34130096435547, 77.07301330566406, 92.34244537353516, 56.294334411621094)"
2024/09/30/21:04:33.822218,29,0,0,,"(0.949999988079071, 0.0)","(15.968951225280762, -0.3866068422794342, 71.76254272460938, 77.12033081054688, 92.8367691040039, 56.284271240234375)"
2024/09/30/21:04:33.924039,30,0,0,,"(0.949999988079071, 0.0)","(16.45940589904785, -0.3866068422794342, 71.89392852783203, 76.76268768310547, 92.93156433105469, 55.97835922241211)"
2024/09/30/21:04:34.020858,31,0,0,,"(0.949999988079071, 0.0)","(16.95343589782715, -0.3866068422794342, 72.02793884277344, 76.4056396484375, 93.02925872802734, 55.67335510253906)"
2024/09/30/21:04:34.124518,32,0,0,,"(0.949999988079071, 0.0)","(17.451061248779297, -0.3866068422794342, 72.45563507080078, 76.45574188232422, 93.53242492675781, 55.66583251953125)"
2024/09/30/21:04:34.223289,33,0,0,,"(0.949999988079071, 0.0)","(17.952293395996094, -0.3866068422794342, 72.59457397460938, 76.10012817382812, 93.6360092163086, 55.36260986328125)"
2024/09/30/21:04:34.323659,34,0,0,,"(0.949999988079071, 0.0)","(18.457143783569336, -0.3866068422794342, 72.7361831665039, 75.7450942993164, 93.74253845214844, 55.060298919677734)"
2024/09/30/21:04:34.421520,35,0,0,,"(0.949999988079071, 0.0)","(18.965614318847656, -0.3866068422794342, 73.17031860351562, 75.79803466796875, 94.254638671875, 55.05537033081055)"
2024/09/30/21:04:34.521976,36,0,0,,"(0.949999988079071, 0.0)","(19.477706909179688, -0.3866068422794342, 73.31686401367188, 75.44441986083984, 94.36709594726562, 54.75484085083008)"
2024/09/30/21:04:34.621598,37,0,0,,"(0.949999988079071, 0.0)","(19.99341583251953, -0.3866068422794342, 73.75511932373047, 75.49935150146484, 94.88514709472656, 54.75165557861328)"
2024/09/30/21:04:34.722534,38,0,0,,"(0.949999988079071, 0.0)","(20.51272964477539, -0.3866068422794342, 73.90657043457031, 75.14714050292969, 95.0035171508789, 54.45290756225586)"
2024/09/30/21:04:34.820208,39,0,0,,"(0.949999988079071, 0.0)","(21.03563690185547, -0.3866068422794342, 74.06067657470703, 74.79547119140625, 95.12483215332031, 54.15504455566406)"
2024/09/30/21:04:34.925036,40,0,0,,"(0.949999988079071, 0.0)","(21.56212043762207, -0.3866068422794342, 74.50516510009766, 74.85324096679688, 95.65172576904297, 54.154483795166016)"
2024/09/30/21:04:35.020748,41,0,0,,"(0.949999988079071, 0.0)","(22.092161178588867, -0.3866068422794342, 74.66410064697266, 74.50292205810547, 95.77887725830078, 53.858375549316406)"
2024/09/30/21:04:35.123595,42,0,0,,"(0.949999988079071, 0.0)","(22.61932945251465, -0.5285937786102295, 74.88951110839844, 72.73686981201172, 95.78851318359375, 51.87627410888672)"
2024/09/30/21:04:35.218985,43,0,0,,"(0.949999988079071, 0.0)","(23.156404495239258, -0.5285937786102295, 75.0845947265625, 72.36662292480469, 95.95280456542969, 51.53803253173828)"
2024/09/30/21:04:35.323493,44,0,0,,"(0.949999988079071, 0.0)","(23.69695281982422, -0.5285937786102295, 75.2821273803711, 71.99705505371094, 96.11984252929688, 51.200748443603516)"
2024/09/30/21:04:35.419145,45,0,0,,"(0.949999988079071, 0.0)","(24.240943908691406, -0.5285937786102295, 75.7715835571289, 72.03581237792969, 96.6966552734375, 51.15476608276367)"
2024/09/30/21:04:35.522431,46,0,0,,"(0.949999988079071, 0.0)","(24.78834342956543, -0.5285937786102295, 75.9736328125, 71.66777801513672, 96.86930084228516, 50.8191032409668)"
2024/09/30/21:04:35.620775,47,0,0,,"(0.949999988079071, 0.0)","(25.339111328125, -0.5285937786102295, 76.17805480957031, 71.30038452148438, 97.04460144042969, 50.48436737060547)"
2024/09/30/21:04:35.722475,48,0,0,,"(0.949999988079071, 0.0)","(25.89320945739746, -0.5285937786102295, 76.38482666015625, 70.93360900878906, 97.22254943847656, 50.15054702758789)"
2024/09/30/21:04:35.821594,49,0,0,,"(0.949999988079071, 0.0)","(26.450599670410156, -0.5285937786102295, 76.88211059570312, 70.97604370117188, 97.81087493896484, 50.106971740722656)"
2024/09/30/21:04:35.922818,50,0,0,,"(0.949999988079071, 0.0)","(27.0112361907959, -0.5285937786102295, 77.09315490722656, 70.6107177734375, 97.99418640136719, 49.774696350097656)"
2024/09/30/21:04:36.019579,51,0,0,,"(0.949999988079071, 0.0)","(27.575077056884766, -0.5285937786102295, 77.30646514892578, 70.2459716796875, 98.18003845214844, 49.44329833984375)"
2024/09/30/21:04:36.120495,52,0,0,,"(0.949999988079071, 0.0)","(28.14207649230957, -0.5285937786102295, 77.52201080322266, 69.88179016113281, 98.36839294433594, 49.11276626586914)"
2024/09/30/21:04:36.223725,53,0,0,,"(0.949999988079071, 0.0)","(28.712190628051758, -0.5285937786102295, 77.7397689819336, 69.51815032958984, 98.55921936035156, 48.78308868408203)"
2024/09/30/21:04:36.322911,54,0,0,,"(0.949999988079071, 0.0)","(29.284887313842773, -0.5285937786102295, 78.2457046508789, 69.56483459472656, 99.16072082519531, 48.742271423339844)"
2024/09/30/21:04:36.421624,55,0,0,,"(0.949999988079071, 0.0)","(29.859699249267578, -0.5285937786102295, 78.46646881103516, 69.20218658447266, 99.35540008544922, 48.413692474365234)"
2024/09/30/21:04:36.522592,56,0,0,,"(0.949999988079071, 0.0)","(30.436201095581055, -0.5285937786102295, 78.6884994506836, 68.83973693847656, 99.55137634277344, 48.08562469482422)"
2024/09/30/21:04:36.621647,57,0,0,,"(0.949999988079071, 0.0)","(31.01447105407715, -0.5285937786102295, 78.91184997558594, 68.47750091552734, 99.74871826171875, 47.758087158203125)"
2024/09/30/21:04:36.721724,58,0,0,,"(0.949999988079071, 0.0)","(31.594575881958008, -0.5285937786102295, 79.42124938964844, 68.52652740478516, 100.35677337646484, 47.7182731628418)"
2024/09/30/21:04:36.823566,59,0,0,,"(0.949999988079071, 0.0)","(32.17657470703125, -0.5285937786102295, 79.64693450927734, 68.1650390625, 100.55716705322266, 47.3916015625)"
2024/09/30/21:04:36.924481,60,0,0,,"(0.949999988079071, 0.0)","(32.760066986083984, -0.5285937786102295, 79.87376403808594, 67.80368041992188, 100.7586898803711, 47.065391540527344)"
2024/09/30/21:04:37.020940,61,0,0,,"(0.949999988079071, 0.0)","(33.34469223022461, -0.5285937786102295, 80.10148620605469, 67.44237518310547, 100.96105194091797, 46.73955535888672)"
2024/09/30/21:04:37.124267,62,0,0,,"(0.949999988079071, 0.0)","(33.93012237548828, -0.5285937786102295, 80.32989501953125, 67.08102416992188, 101.16397857666016, 46.41401672363281)"
2024/09/30/21:04:37.221691,63,0,0,,"(0.949999988079071, 0.0)","(34.51650619506836, -0.5285937786102295, 80.84156799316406, 67.13224029541016, 101.77771759033203, 46.374813079833984)"
2024/09/30/21:04:37.321624,64,0,0,,"(0.949999988079071, 0.0)","(35.10397720336914, -0.5285937786102295, 81.07118225097656, 66.77123260498047, 101.98229217529297, 46.04973602294922)"
2024/09/30/21:04:37.418888,65,0,0,,"(0.949999988079071, 0.0)","(35.692657470703125, -0.5285937786102295, 81.30174255371094, 66.41027069091797, 102.1877670288086, 45.72505569458008)"
2024/09/30/21:04:37.524214,66,0,0,,"(0.949999988079071, 0.0)","(36.28220748901367, -0.5285937786102295, 81.53304290771484, 66.04927062988281, 102.39386749267578, 45.40068817138672)"
2024/09/30/21:04:37.622895,67,0,0,,"(0.949999988079071, 0.0)","(36.872337341308594, -0.5285937786102295, 82.04546356201172, 66.10202026367188, 103.0111312866211, 45.361602783203125)"
2024/09/30/21:04:37.723696,68,0,0,,"(0.949999988079071, 0.0)","(37.4627799987793, -0.5285937786102295, 82.27719116210938, 65.74107360839844, 103.2179183959961, 45.03742218017578)"
2024/09/30/21:04:37.821376,69,0,0,,"(0.949999988079071, 0.0)","(38.053714752197266, -0.5285937786102295, 82.5093994140625, 65.37998962402344, 103.42501068115234, 44.71346664428711)"
2024/09/30/21:04:37.922409,70,0,0,,"(0.949999988079071, 0.0)","(38.64531707763672, -0.5285937786102295, 82.74221801757812, 65.0188217163086, 103.63253784179688, 44.3897819519043)"
2024/09/30/21:04:38.023382,71,0,0,,"(0.949999988079071, 0.0)","(39.237735748291016, -0.5285937786102295, 82.97573852539062, 64.65757751464844, 103.84064483642578, 44.066402435302734)"
2024/09/30/21:04:38.122128,72,0,0,,"(0.949999988079071, 0.0)","(39.830684661865234, -0.5285937786102295, 83.48784637451172, 64.71174621582031, 104.46073913574219, 44.02705764770508)"
2024/09/30/21:04:38.223023,73,0,0,,"(0.949999988079071, 0.0)","(40.42389678955078, -0.5285937786102295, 83.72171783447266, 64.35051727294922, 104.6694564819336, 43.70384216308594)"
2024/09/30/21:04:38.324083,74,0,0,,"(0.949999988079071, 0.0)","(41.01714324951172, -0.5285937786102295, 83.95578002929688, 63.98902893066406, 104.87808227539062, 43.38074493408203)"
2024/09/30/21:04:38.421680,75,0,0,,"(0.949999988079071, 0.0)","(41.610626220703125, -0.5285937786102295, 84.19017791748047, 63.62732696533203, 105.08679962158203, 43.05781936645508)"
2024/09/30/21:04:38.523090,76,0,0,,"(0.949999988079071, 0.0)","(42.20454025268555, -0.5285937786102295, 84.4250259399414, 63.26545333862305, 105.2957534790039, 42.73511505126953)"
2024/09/30/21:04:38.621756,77,0,0,,"(0.949999988079071, 0.0)","(42.79905319213867, -0.5285937786102295, 84.93585968017578, 63.32075500488281, 105.91763305664062, 42.6951789855957)"
2024/09/30/21:04:38.719619,78,0,0,,"(0.949999988079071, 0.0)","(43.39390182495117, -0.5285937786102295, 85.171142578125, 62.95890426635742, 106.1273193359375, 42.37267303466797)"
2024/09/30/21:04:38.824142,79,0,0,,"(0.949999988079071, 0.0)","(43.98884201049805, -0.5285937786102295, 85.40666198730469, 62.5967903137207, 106.33695983886719, 42.0503044128418)"
2024/09/30/21:04:38.923598,80,0,0,,"(0.949999988079071, 0.0)","(44.583656311035156, -0.5285937786102295, 85.64228820800781, 62.2343635559082, 106.54637145996094, 41.72802734375)"
2024/09/30/21:04:39.022822,81,0,0,,"(0.949999988079071, 0.0)","(45.178565979003906, -0.5285937786102295, 85.87816619873047, 61.871665954589844, 106.75574493408203, 41.4058952331543)"
2024/09/30/21:04:39.121839,82,0,0,,"(0.949999988079071, 0.0)","(45.773773193359375, -0.5285937786102295, 86.38700866699219, 61.92790985107422, 107.37869262695312, 41.3651237487793)"
2024/09/30/21:04:39.223220,83,0,0,,"(0.949999988079071, 0.0)","(46.36945724487305, -0.5285937786102295, 86.6231918334961, 61.56517791748047, 107.58865356445312, 41.04315185546875)"
2024/09/30/21:04:39.324214,84,0,0,,"(0.949999988079071, 0.0)","(46.965370178222656, -0.5285937786102295, 86.85972595214844, 61.20219802856445, 107.79867553710938, 40.72135925292969)"
2024/09/30/21:04:39.420059,85,0,0,,"(0.949999988079071, 0.0)","(47.561275482177734, -0.5285937786102295, 87.09644317626953, 60.83890914916992, 108.0085678100586, 40.39969253540039)"
2024/09/30/21:04:39.523796,86,0,0,,"(0.949999988079071, 0.0)","(48.15696716308594, -0.5285937786102295, 87.33323669433594, 60.475257873535156, 108.21814727783203, 40.07810592651367)"
2024/09/30/21:04:39.620044,87,0,0,,"(0.949999988079071, 0.0)","(48.75267028808594, -0.5285937786102295, 87.83980560302734, 60.53240966796875, 108.84202575683594, 40.03641128540039)"
2024/09/30/21:04:39.724736,88,0,0,,"(0.949999988079071, 0.0)","(49.34859848022461, -0.5285937786102295, 88.0765380859375, 60.168575286865234, 109.0517349243164, 39.71485900878906)"
2024/09/30/21:04:39.824319,89,0,0,,"(0.949999988079071, 0.0)","(49.944942474365234, -0.5285937786102295, 88.31375122070312, 59.80451965332031, 109.26166534423828, 39.39353561401367)"
2024/09/30/21:04:39.923819,90,0,0,,"(0.949999988079071, 0.0)","(50.541446685791016, -0.5285937786102295, 88.55127716064453, 59.4401741027832, 109.47159576416016, 39.0723876953125)"
2024/09/30/21:04:40.024397,91,0,0,,"(0.949999988079071, 0.0)","(51.13788986206055, -0.5285937786102295, 88.78897857666016, 59.07548141479492, 109.68133544921875, 38.751365661621094)"
2024/09/30/21:04:40.123237,92,0,0,,"(0.949999988079071, 0.0)","(51.732547760009766, -0.6092845797538757, 89.15515899658203, 57.3609504699707, 109.7385482788086, 36.75786209106445)"
2024/09/30/21:04:40.222086,93,0,0,,"(0.949999988079071, 0.0)","(52.32870101928711, -0.6092845797538757, 89.681640625, 57.40586471557617, 110.3848648071289, 36.679874420166016)"
2024/09/30/21:04:40.325202,94,0,0,,"(0.949999988079071, 0.0)","(52.92489242553711, -0.6087067723274231, 89.93428802490234, 57.03289794921875, 110.60936737060547, 36.33383560180664)"
2024/09/30/21:04:40.423552,95,0,0,,"(0.949999988079071, 0.0)","(53.521549224853516, -0.6083347201347351, 90.18898010253906, 56.65857696533203, 110.83465576171875, 35.98685073852539)"
2024/09/30/21:04:40.520314,96,0,0,,"(0.949999988079071, 0.0)","(54.11835861206055, -0.6081140041351318, 90.44429016113281, 56.283687591552734, 111.05996704101562, 35.63969802856445)"
2024/09/30/21:04:40.622815,97,0,0,,"(0.949999988079071, 0.0)","(54.71510696411133, -0.6081140041351318, 90.70018768310547, 55.908023834228516, 111.2851791381836, 35.2921257019043)"
2024/09/30/21:04:40.725127,98,0,0,,"(0.949999988079071, 0.0)","(55.311561584472656, -0.6081140041351318, 90.9560546875, 55.53207015991211, 111.5098876953125, 34.944644927978516)"
2024/09/30/21:04:40.825154,99,0,0,,"(0.949999988079071, 0.0)","(55.907962799072266, -0.6081140041351318, 91.2120361328125, 55.1558723449707, 111.73428344726562, 34.59730911254883)"
2024/09/30/21:04:40.920874,100,0,0,,"(0.949999988079071, 0.0)","(56.504520416259766, -0.6081140041351318, 91.73518371582031, 55.2022819519043, 112.38186645507812, 34.516265869140625)"
2024/09/30/21:04:41.024824,101,0,0,,"(0.949999988079071, 0.0)","(57.10143280029297, -0.6081140041351318, 91.99124908447266, 54.826087951660156, 112.60655975341797, 34.168758392333984)"
2024/09/30/21:04:41.123559,102,0,0,,"(0.949999988079071, 0.0)","(57.698455810546875, -0.6081140041351318, 92.24754333496094, 54.449676513671875, 112.8310775756836, 33.82143783569336)"
2024/09/30/21:04:41.223081,103,0,0,,"(0.7382886409759521, 0.5978543758392334)","(58.29536819458008, -0.6081140041351318, 92.5039291381836, 54.073001861572266, 113.05522155761719, 33.47425842285156)"
2024/09/30/21:04:41.324335,104,0,0,,"(0.7382886409759521, 0.5978543758392334)","(58.8919792175293, -0.6081140041351318, 92.76028442382812, 53.696006774902344, 113.2788314819336, 33.12717819213867)"
2024/09/30/21:04:41.423885,105,0,0,,"(0.7382886409759521, 0.5978543758392334)","(59.48851776123047, -0.6081140041351318, 93.01676940917969, 53.318748474121094, 113.5020980834961, 32.78025817871094)"
2024/09/30/21:04:41.524407,106,0,0,,"(0.7382886409759521, 0.5978543758392334)","(60.085201263427734, -0.6081140041351318, 93.53691101074219, 53.36625671386719, 114.1509017944336, 32.69578170776367)"
2024/09/30/21:04:41.622937,107,0,0,,"(0.7218942046165466, 0.6175506114959717)","(60.6766242980957, -0.6000332832336426, 93.79178619384766, 52.99460983276367, 114.3714370727539, 32.35245895385742)"
2024/09/30/21:04:41.724736,108,0,0,,"(0.7253106236457825, 0.6135344505310059)","(61.262821197509766, -0.5766992568969727, 94.04708099365234, 52.63460159301758, 114.59062194824219, 32.01771545410156)"
2024/09/30/21:04:41.821861,109,0,0,,"(0.7181445360183716, 0.6219070553779602)","(61.842529296875, -0.5310186147689819, 94.30362701416016, 52.292057037353516, 114.80890655517578, 31.695722579956055)"
2024/09/30/21:04:41.923688,110,0,0,,"(0.7105820775032043, 0.6305339932441711)","(62.417266845703125, -0.4595448076725006, 94.56317901611328, 51.970314025878906, 115.02831268310547, 31.38897132873535)"
2024/09/30/21:04:42.023162,111,0,0,,"(0.7380032539367676, 0.598206639289856)","(62.98554992675781, -0.36144116520881653, 94.82498168945312, 51.66980743408203, 115.24766540527344, 31.097604751586914)"
2024/09/30/21:04:42.124574,112,0,0,,"(0.7179205417633057, 0.6221656203269958)","(63.54158401489258, -0.24494467675685883, 95.08344268798828, 51.3821907043457, 115.46003723144531, 30.81507110595703)"
2024/09/30/21:04:42.224274,113,0,0,,"(0.7341881394386292, 0.6028829216957092)","(64.09239959716797, -0.11157692968845367, 95.3426513671875, 51.10777282714844, 115.67106628417969, 30.5419979095459)"
2024/09/30/21:04:42.323721,114,0,0,,"(0.719124436378479, 0.6207737326622009)","(64.63905334472656, 0.03779789060354233, 95.60307312011719, 50.8460578918457, 115.88139343261719, 30.278047561645508)"
2024/09/30/21:04:42.423376,115,0,0,,"(0.7284293174743652, 0.6098284721374512)","(65.18118286132812, 0.2061900794506073, 95.86518096923828, 50.59956741333008, 116.09130096435547, 30.024974822998047)"
2024/09/30/21:04:42.524945,116,0,0,,"(0.7317693829536438, 0.6058164834976196)","(65.716064453125, 0.3961590826511383, 96.38777160644531, 50.79701614379883, 116.73123168945312, 30.034866333007812)"
2024/09/30/21:04:42.624001,117,0,0,,"(0.7066658735275269, 0.6349199414253235)","(66.24180603027344, 0.6061672568321228, 96.64940643310547, 50.58244323730469, 116.93536376953125, 29.802282333374023)"
2024/09/30/21:04:42.722753,118,0,0,,"(0.7126979231834412, 0.628141462802887)","(66.75857543945312, 0.8370106220245361, 96.91040802001953, 50.38362503051758, 117.13534545898438, 29.58038330078125)"
2024/09/30/21:04:42.822183,119,0,0,,"(0.7276198267936707, 0.6107940673828125)","(67.26446533203125, 1.0835275650024414, 97.16839599609375, 50.19569396972656, 117.32823181152344, 29.365489959716797)"
2024/09/30/21:04:42.923434,120,0,0,,"(0.734874427318573, 0.6020461916923523)","(67.76168060302734, 1.3495736122131348, 97.42565155029297, 50.02244567871094, 117.51665496826172, 29.160404205322266)"
2024/09/30/21:04:43.023330,121,0,0,,"(0.7173306941986084, 0.6228455901145935)","(68.24773406982422, 1.6305890083312988, 97.67957305908203, 49.8593864440918, 117.69730377197266, 28.961706161499023)"
2024/09/30/21:04:43.121789,122,0,0,,"(0.7187109589576721, 0.6212524175643921)","(68.72183990478516, 1.9319372177124023, 97.93091583251953, 49.71090316772461, 117.87046813964844, 28.77242660522461)"
2024/09/30/21:04:43.222647,123,0,0,,"(0.7312502861022949, 0.606442928314209)","(69.18144226074219, 2.247589111328125, 98.17667388916016, 49.571224212646484, 118.03242492675781, 28.588266372680664)"
2024/09/30/21:04:43.321813,124,0,0,,"(0.7340657711029053, 0.6030318737030029)","(69.62843322753906, 2.5830094814300537, 98.41931915283203, 49.445411682128906, 118.185791015625, 28.412899017333984)"
2024/09/30/21:04:43.422437,125,0,0,,"(0.7169056534767151, 0.6233347654342651)","(70.06011962890625, 2.930415391921997, 98.65532684326172, 49.32614517211914, 118.32630920410156, 28.240978240966797)"
2024/09/30/21:04:43.522933,126,0,0,,"(0.7410737872123718, 0.5943984985351562)","(70.47985076904297, 3.285245180130005, 98.88572692871094, 49.21025085449219, 118.45579528808594, 28.07049560546875)"
2024/09/30/21:04:43.619956,127,0,0,,"(0.7406817078590393, 0.5948870778083801)","(70.89175415039062, 3.644602060317993, 99.1124267578125, 49.096153259277344, 118.57713317871094, 27.9006290435791)"
2024/09/30/21:04:43.724895,128,0,0,,"(0.7149568796157837, 0.6255690455436707)","(71.299560546875, 4.005565166473389, 99.33708953857422, 48.98219299316406, 118.69290924072266, 27.730464935302734)"
2024/09/30/21:04:43.822760,129,0,0,,"(0.7279357314109802, 0.6104175448417664)","(71.7072525024414, 4.365328311920166, 99.56155395507812, 48.86687469482422, 118.8060073852539, 27.559223175048828)"
2024/09/30/21:04:43.923831,130,0,0,,"(0.7470605373382568, 0.5868565440177917)","(72.11869049072266, 4.720702648162842, 99.78752899169922, 48.74836730957031, 118.91921997070312, 27.3858699798584)"
2024/09/30/21:04:44.024783,131,0,0,,"(0.7332537174224854, 0.604019045829773)","(72.5384292602539, 5.073225498199463, 100.0182876586914, 48.629024505615234, 119.03694152832031, 27.212291717529297)"
2024/09/30/21:04:44.126181,132,0,0,,"(0.7375943064689636, 0.5987107753753662)","(72.96284484863281, 5.4250922203063965, 100.25205993652344, 48.50988006591797, 119.15633392333984, 27.039018630981445)"
2024/09/30/21:04:44.223201,133,0,0,,"(0.7327011823654175, 0.6046891212463379)","(73.38867950439453, 5.779297351837158, 100.48750305175781, 48.39271926879883, 119.27499389648438, 26.86711883544922)"
2024/09/30/21:04:44.323826,134,0,0,,"(0.7262762188911438, 0.6123911142349243)","(73.8154525756836, 6.137585639953613, 100.72473907470703, 48.27889633178711, 119.39274597167969, 26.697505950927734)"
2024/09/30/21:04:44.423058,135,0,0,,"(0.7559372782707214, 0.5753771066665649)","(74.24408721923828, 6.498830318450928, 100.964111328125, 48.16764831542969, 119.51012420654297, 26.529705047607422)"
2024/09/30/21:04:44.523735,136,0,0,,"(0.7286321520805359, 0.6095860600471497)","(74.67594146728516, 6.860983371734619, 101.20600128173828, 48.05753707885742, 119.6279067993164, 26.36280632019043)"
2024/09/30/21:04:44.623681,137,0,0,,"(0.7322446703910828, 0.6052418947219849)","(75.1115951538086, 7.2238993644714355, 101.45075988769531, 47.94856262207031, 119.74652099609375, 26.19684600830078)"
2024/09/30/21:04:44.724409,138,0,0,,"(0.7325599193572998, 0.6048603057861328)","(75.54976654052734, 7.588082313537598, 101.69770812988281, 47.84084701538086, 119.86485290527344, 26.031864166259766)"
2024/09/30/21:04:44.823816,139,0,0,,"(0.7613077759742737, 0.5682520866394043)","(75.98931884765625, 7.954155445098877, 101.94627380371094, 47.73463439941406, 119.98186492919922, 25.86800193786621)"
2024/09/30/21:04:44.923506,140,0,0,,"(0.7611860632896423, 0.5684151649475098)","(76.43035125732422, 8.321455001831055, 102.4704818725586, 48.04753875732422, 120.56199645996094, 25.889846801757812)"
2024/09/30/21:04:45.023017,141,0,0,,"(0.7623236775398254, 0.5668885111808777)","(76.87332153320312, 8.689528465270996, 102.72319793701172, 47.94234848022461, 120.6778564453125, 25.723674774169922)"
2024/09/30/21:04:45.123424,142,0,0,,"(0.7628947496414185, 0.5661197304725647)","(77.31816101074219, 9.058539390563965, 102.97767639160156, 47.83790588378906, 120.79244232177734, 25.55815315246582)"
2024/09/30/21:04:45.223944,143,0,0,,"(0.7653427124023438, 0.5628058910369873)","(77.76545715332031, 9.427190780639648, 103.24089813232422, 47.7286491394043, 120.91136169433594, 25.378084182739258)"
2024/09/30/21:04:45.323725,144,0,0,,"(0.7682689428329468, 0.5588048100471497)","(78.21530151367188, 9.795928955078125, 103.49937438964844, 47.62403869628906, 121.02389526367188, 25.212623596191406)"
2024/09/30/21:04:45.423516,145,0,0,,"(0.7713585495948792, 0.5545321702957153)","(78.66757202148438, 10.163718223571777, 103.75952911376953, 47.5186882019043, 121.13507843017578, 25.04696273803711)"
2024/09/30/21:04:45.524470,146,0,0,,"(0.7722918391227722, 0.5532316565513611)","(79.12134552001953, 10.531013488769531, 104.0208969116211, 47.41274642944336, 121.24403381347656, 24.88123321533203)"
2024/09/30/21:04:45.622886,147,0,0,,"(0.7737085223197937, 0.5512487292289734)","(79.57691192626953, 10.897819519042969, 104.28368377685547, 47.3062744140625, 121.35095977783203, 24.71553611755371)"
2024/09/30/21:04:45.724427,148,0,0,,"(0.7741590738296509, 0.5506157875061035)","(80.03402709960938, 11.264582633972168, 104.54784393310547, 47.199562072753906, 121.45557403564453, 24.550119400024414)"
2024/09/30/21:04:45.823355,149,0,0,,"(0.7762684226036072, 0.547637939453125)","(80.4932861328125, 11.63077163696289, 104.81365203857422, 47.0922966003418, 121.55828094482422, 24.384851455688477)"
2024/09/30/21:04:45.923281,150,0,0,,"(0.7802983522415161, 0.5418804883956909)","(80.9551010131836, 11.99522590637207, 105.08109283447266, 46.983604431152344, 121.65919494628906, 24.21924591064453)"
2024/09/30/21:04:46.023255,151,0,0,,"(0.7841379642486572, 0.5363093018531799)","(81.41936492919922, 12.357593536376953, 105.35001373291016, 46.8731575012207, 121.75810241699219, 24.05316734313965)"
2024/09/30/21:04:46.124239,152,0,0,,"(0.7848625183105469, 0.5352483987808228)","(81.88478088378906, 12.718770027160645, 105.61980438232422, 46.76137161254883, 121.85379028320312, 23.886959075927734)"
2024/09/30/21:04:46.223420,153,0,0,,"(0.7855939865112305, 0.5341742038726807)","(82.35155487060547, 13.079133987426758, 105.89070892333984, 46.64858627319336, 121.94640350341797, 23.720935821533203)"
2024/09/30/21:04:46.323238,154,0,0,,"(0.7871594429016113, 0.5318646430969238)","(82.8200454711914, 13.43852710723877, 106.16292572021484, 46.53474807739258, 122.0361557006836, 23.555156707763672)"
2024/09/30/21:04:46.423243,155,0,0,,"(0.7902439832687378, 0.5272707343101501)","(83.29085540771484, 13.796340942382812, 106.43672180175781, 46.41947937011719, 122.12346649169922, 23.389484405517578)"
2024/09/30/21:04:46.525171,156,0,0,,"(0.7945207357406616, 0.5208039879798889)","(83.76425170898438, 14.151679039001465, 106.7120361328125, 46.30209732055664, 122.2083740234375, 23.223587036132812)"
2024/09/30/21:04:46.624198,157,0,0,,"(0.7977859377861023, 0.5157883763313293)","(84.23979187011719, 14.504589080810547, 106.98860168457031, 46.182525634765625, 122.2903823852539, 23.057538986206055)"
2024/09/30/21:04:46.722420,158,0,0,,"(0.8009638786315918, 0.5108394026756287)","(84.71733856201172, 14.854880332946777, 107.26629638671875, 46.06056213378906, 122.3692398071289, 22.89133644104004)"
2024/09/30/21:04:46.824575,159,0,0,,"(0.8033891320228577, 0.507016658782959)","(85.19680786132812, 15.202927589416504, 107.83921813964844, 46.34086608886719, 122.93492126464844, 22.824262619018555)"
2024/09/30/21:04:46.919474,160,0,0,,"(0.8067543506622314, 0.5016446709632874)","(85.67870330810547, 15.54841136932373, 108.1207504272461, 46.2136116027832, 123.00867462158203, 22.652891159057617)"
2024/09/30/21:04:47.023369,161,0,0,,"(0.8097191452980042, 0.49684497714042664)","(86.16305541992188, 15.891495704650879, 108.40380859375, 46.084190368652344, 123.07941436767578, 22.481807708740234)"
2024/09/30/21:04:47.120533,162,0,0,,"(0.8113454580307007, 0.4941847026348114)","(86.64912414550781, 16.232603073120117, 108.68802642822266, 45.95273971557617, 123.14637756347656, 22.31127166748047)"
2024/09/30/21:04:47.223955,163,0,0,,"(0.8129202127456665, 0.4915899932384491)","(87.13668060302734, 16.5717716217041, 108.97327423095703, 45.81922149658203, 123.20923614501953, 22.14143180847168)"
2024/09/30/21:04:47.322338,164,0,0,,"(0.8148008584976196, 0.4884665310382843)","(87.62561798095703, 16.908817291259766, 109.2594223022461, 45.683433532714844, 123.26773834228516, 21.97235107421875)"
2024/09/30/21:04:47.424745,165,0,0,,"(0.8173343539237976, 0.4842153787612915)","(88.11631774902344, 17.243555068969727, 109.54668426513672, 45.545310974121094, 123.32215118408203, 21.804157257080078)"
2024/09/30/21:04:47.519473,166,0,0,,"(0.8197291493415833, 0.48015010356903076)","(88.60888671875, 17.57610511779785, 109.8351821899414, 45.404945373535156, 123.37248992919922, 21.637096405029297)"
2024/09/30/21:04:47.623660,167,0,0,,"(0.821972668170929, 0.4762992262840271)","(89.10343170166016, 17.906606674194336, 110.1250228881836, 45.2624626159668, 123.41876220703125, 21.4714412689209)"
2024/09/30/21:04:47.722321,168,0,0,,"(0.8239345550537109, 0.47289732098579407)","(89.59963989257812, 18.235050201416016, 110.4159927368164, 45.11774444580078, 123.46054077148438, 21.30735969543457)"
2024/09/30/21:04:47.823259,169,0,0,,"(0.8260584473609924, 0.46917739510536194)","(90.09735107421875, 18.561241149902344, 111.01556396484375, 45.3647575378418, 123.99607849121094, 21.183530807495117)"
2024/09/30/21:04:47.921671,170,0,0,,"(0.8284430503845215, 0.4649538993835449)","(90.59648895263672, 18.884918212890625, 111.30989074707031, 45.21370315551758, 124.02862548828125, 21.01617431640625)"
2024/09/30/21:04:48.023466,171,0,0,,"(0.8308480381965637, 0.460642546415329)","(91.09724426269531, 19.206140518188477, 111.60525512695312, 45.05998992919922, 124.05623626708984, 20.85076141357422)"
2024/09/30/21:04:48.121785,172,0,0,,"(0.8330816626548767, 0.45659053325653076)","(91.59973907470703, 19.525060653686523, 111.90176391601562, 44.903743743896484, 124.07894134521484, 20.687625885009766)"
2024/09/30/21:04:48.223622,173,0,0,,"(0.8351882100105286, 0.4527258276939392)","(92.10409545898438, 19.841827392578125, 112.1995620727539, 44.74508285522461, 124.09675598144531, 20.52711296081543)"
2024/09/30/21:04:48.321883,174,0,0,,"(0.8373126983642578, 0.44878435134887695)","(92.61009216308594, 20.15629005432129, 112.4984359741211, 44.58381271362305, 124.109375, 20.369426727294922)"
2024/09/30/21:04:48.423097,175,0,0,,"(0.8394952416419983, 0.4446883201599121)","(93.11756896972656, 20.468286514282227, 112.7982177734375, 44.419734954833984, 124.11653137207031, 20.21478271484375)"
2024/09/30/21:04:48.521277,176,0,0,,"(0.8419536352157593, 0.4400160312652588)","(93.62643432617188, 20.777523040771484, 113.09876251220703, 44.252586364746094, 124.11807250976562, 20.063364028930664)"
2024/09/30/21:04:48.622960,177,0,0,,"(0.8442423343658447, 0.4356086254119873)","(94.1368408203125, 21.084152221679688, 113.72123718261719, 44.46580123901367, 124.61369323730469, 19.896106719970703)"
2024/09/30/21:04:48.720586,178,0,0,,"(0.8463753461837769, 0.4314495921134949)","(94.64891815185547, 21.388336181640625, 114.02554321289062, 44.29131317138672, 124.60384368896484, 19.74448013305664)"
2024/09/30/21:04:48.823832,179,0,0,,"(0.848369300365448, 0.42751556634902954)","(95.16277313232422, 21.69023895263672, 114.33101654052734, 44.114078521728516, 124.58843231201172, 19.597219467163086)"
2024/09/30/21:04:48.920449,180,0,0,,"(0.8503139615058899, 0.42363449931144714)","(95.67816925048828, 21.989770889282227, 114.63742065429688, 43.93394470214844, 124.56715393066406, 19.454669952392578)"
2024/09/30/21:04:49.022975,181,0,0,,"(0.8523223400115967, 0.41957908868789673)","(96.19493103027344, 22.286781311035156, 114.94457244873047, 43.750728607177734, 124.539794921875, 19.31717300415039)"
2024/09/30/21:04:49.120408,182,0,0,,"(0.8542740941047668, 0.41559091210365295)","(96.71284484863281, 22.581195831298828, 115.58329772949219, 43.939002990722656, 125.00244140625, 19.124488830566406)"
2024/09/30/21:04:49.222022,183,0,0,,"(0.8562436699867249, 0.4115176498889923)","(97.23211669921875, 22.873109817504883, 115.893798828125, 43.74753189086914, 124.96150970458984, 18.989704132080078)"
2024/09/30/21:04:49.319342,184,0,0,,"(0.8782964944839478, 0.36207082867622375)","(97.75289916992188, 23.162649154663086, 116.20512390136719, 43.552978515625, 124.91442108154297, 18.861251831054688)"
2024/09/30/21:04:49.421814,185,0,0,,"(0.8800103664398193, 0.3578851819038391)","(98.27538299560547, 23.44987678527832, 116.5173568725586, 43.35540771484375, 124.8613510131836, 18.73965072631836)"
2024/09/30/21:04:49.520276,186,0,0,,"(0.8817594051361084, 0.3535539507865906)","(98.79934692382812, 23.73462677001953, 116.83023834228516, 43.15463638305664, 124.80213928222656, 18.625350952148438)"
2024/09/30/21:04:49.623569,187,0,0,,"(0.8852578401565552, 0.3447006642818451)","(99.32527923583984, 24.01538848876953, 117.48627471923828, 43.313785552978516, 125.22618103027344, 18.41242218017578)"
2024/09/30/21:04:49.719796,188,0,0,,"(0.8882943987846375, 0.33679819107055664)","(99.85295104980469, 24.292089462280273, 117.8023910522461, 43.10212707519531, 125.15384674072266, 18.303354263305664)"
2024/09/30/21:04:49.822442,189,0,0,,"(0.8913636803627014, 0.32858914136886597)","(100.3826904296875, 24.56458282470703, 118.1189193725586, 42.886051177978516, 125.07621002197266, 18.202211380004883)"
2024/09/30/21:04:49.919122,190,0,0,,"(0.8935215473175049, 0.32267507910728455)","(100.91427612304688, 24.833467483520508, 118.43578338623047, 42.66593933105469, 124.99317169189453, 18.109859466552734)"
2024/09/30/21:04:50.023508,191,0,0,,"(0.8961607813835144, 0.3152710795402527)","(101.44820404052734, 25.09843635559082, 119.1063232421875, 42.7956428527832, 125.3841323852539, 17.88238525390625)"
2024/09/30/21:04:50.119298,192,0,0,,"(0.8986032605171204, 0.3082404136657715)","(101.9841537475586, 25.359397888183594, 119.42664337158203, 42.5643310546875, 125.28846740722656, 17.799034118652344)"
2024/09/30/21:04:50.219134,193,0,0,,"(0.9014990925788879, 0.29966551065444946)","(102.52215576171875, 25.61590003967285, 119.75033569335938, 42.32487106323242, 125.18599700927734, 17.71968650817871)"
2024/09/30/21:04:50.319061,194,0,0,,"(0.9040687084197998, 0.29182156920433044)","(103.0618896484375, 25.86766242980957, 120.07010650634766, 42.084022521972656, 125.08088684082031, 17.65708351135254)"
2024/09/30/21:04:50.421687,195,0,0,,"(0.9067370891571045, 0.28342166543006897)","(103.60365295410156, 26.11470603942871, 120.75440216064453, 42.180259704589844, 125.43629455566406, 17.420682907104492)"
2024/09/30/21:04:50.519137,196,0,0,,"(0.9091991186141968, 0.2754214107990265)","(104.14756774902344, 26.357147216796875, 121.07646179199219, 41.92675018310547, 125.3193588256836, 17.37075424194336)"
2024/09/30/21:04:50.621451,197,0,0,,"(0.9117642641067505, 0.26680687069892883)","(104.69388580322266, 26.594839096069336, 121.3981704711914, 41.668556213378906, 125.19927215576172, 17.333145141601562)"
2024/09/30/21:04:50.719636,198,0,0,,"(0.9142943620681763, 0.25800350308418274)","(105.24237060546875, 26.827552795410156, 122.09355163574219, 41.73686599731445, 125.52710723876953, 17.092077255249023)"
2024/09/30/21:04:50.823996,199,0,0,,"(0.9285610318183899, 0.20068494975566864)","(105.7928237915039, 27.05507469177246, 122.41659545898438, 41.46514892578125, 125.3964614868164, 17.07021713256836)"
2024/09/30/21:04:50.919152,200,0,0,,"(0.9305830001831055, 0.19108983874320984)","(106.34508514404297, 27.277128219604492, 122.73807525634766, 41.18827438354492, 125.26351165771484, 17.062274932861328)"
2024/09/30/21:04:51.024422,201,0,0,,"(0.9324432611465454, 0.18179553747177124)","(106.89929962158203, 27.49379539489746, 123.44261932373047, 41.22582244873047, 125.56304168701172, 16.820709228515625)"
2024/09/30/21:04:51.119296,202,0,0,,"(0.9344069957733154, 0.17141646146774292)","(107.45578002929688, 27.70477867126465, 123.76428985595703, 40.93477249145508, 125.42174530029297, 16.831682205200195)"
2024/09/30/21:04:51.221618,203,0,0,,"(0.9369429349899292, 0.15696464478969574)","(108.01513671875, 27.90878677368164, 124.47610473632812, 40.94859313964844, 125.70232391357422, 16.58785629272461)"
2024/09/30/21:04:51.319366,204,0,0,,"(0.9393603801727295, 0.14178192615509033)","(108.57713317871094, 28.105148315429688, 124.79728698730469, 40.6413688659668, 125.55631256103516, 16.617868423461914)"
2024/09/30/21:04:51.423668,205,0,0,,"(0.9413952231407166, 0.12757384777069092)","(109.14138793945312, 28.293752670288086, 125.11550903320312, 40.328182220458984, 125.41202545166016, 16.663341522216797)"
2024/09/30/21:04:51.520242,206,0,0,,"(0.9425399899482727, 0.11882096529006958)","(109.7068099975586, 28.475929260253906, 125.83311462402344, 40.30564880371094, 125.6680908203125, 16.42447853088379)"
2024/09/30/21:04:51.622269,207,0,0,,"(0.9437958598136902, 0.10839478671550751)","(110.27416229248047, 28.651565551757812, 126.14796447753906, 39.97731018066406, 125.52000427246094, 16.493680953979492)"
2024/09/30/21:04:51.720262,208,0,0,,"(0.9450029134750366, 0.09731116890907288)","(110.84359741210938, 28.82054328918457, 126.8701171875, 39.92913055419922, 125.75814056396484, 16.258441925048828)"
2024/09/30/21:04:51.823810,209,0,0,,"(0.9494103193283081, 0.03346717357635498)","(111.41555786132812, 28.981943130493164, 127.18148040771484, 39.585514068603516, 125.61048126220703, 16.35245132446289)"
2024/09/30/21:04:51.919599,210,0,0,,"(0.9497829079627991, 0.020307986065745354)","(111.989501953125, 29.13578224182129, 127.90716552734375, 39.510169982910156, 125.83291625976562, 16.121952056884766)"
2024/09/30/21:04:52.023899,211,0,0,,"(0.949973464012146, 0.007102586794644594)","(112.56517791748047, 29.281291961669922, 128.21473693847656, 39.147457122802734, 125.68595123291016, 16.239227294921875)"
2024/09/30/21:04:52.119478,212,0,0,,"(0.949985921382904, -0.005175395403057337)","(113.1422119140625, 29.41985321044922, 128.9417724609375, 39.04399108886719, 125.89299011230469, 16.015836715698242)"
2024/09/30/21:04:52.223302,213,0,0,,"(0.9497148990631104, -0.023272162303328514)","(113.72125244140625, 29.54911231994629, 129.23983764648438, 38.669044494628906, 125.75471496582031, 16.162715911865234)"
2024/09/30/21:04:52.319584,214,0,0,,"(0.9491122961044312, -0.04105859994888306)","(114.30223083496094, 29.66876983642578, 129.9666290283203, 38.53593444824219, 125.95064544677734, 15.946002006530762)"
2024/09/30/21:04:52.423485,215,0,0,,"(0.9461275339126587, -0.08568927645683289)","(114.88207244873047, 29.769603729248047, 130.2504425048828, 38.139991760253906, 125.8247299194336, 16.112802505493164)"
2024/09/30/21:04:52.519479,216,0,0,,"(0.9447582960128784, -0.09965815395116806)","(115.46065521240234, 29.843931198120117, 130.96324157714844, 37.963043212890625, 126.0165786743164, 15.886046409606934)"
2024/09/30/21:04:52.624288,217,0,0,,"(0.9412283301353455, -0.12879934906959534)","(116.03610229492188, 29.884368896484375, 131.21954345703125, 37.53047180175781, 125.9140625, 16.048696517944336)"
2024/09/30/21:04:52.719656,218,0,0,,"(0.9380375146865845, -0.1502852439880371)","(116.6077651977539, 29.889711380004883, 131.90806579589844, 37.29923629760742, 126.11018371582031, 15.79346752166748)"
2024/09/30/21:04:52.820876,219,0,0,,"(0.9393367171287537, -0.14193828403949738)","(117.1679458618164, 29.868623733520508, 132.5803680419922, 37.04197692871094, 126.29592895507812, 15.527081489562988)"
2024/09/30/21:04:52.921121,220,0,0,,"(0.9356335401535034, -0.16459016501903534)","(117.71908569335938, 29.828664779663086, 132.7838134765625, 36.55949401855469, 126.2139892578125, 15.68346881866455)"
2024/09/30/21:04:53.023726,221,0,0,,"(0.9337713122367859, -0.17484591901302338)","(118.26434326171875, 29.77515983581543, 133.43222045898438, 36.270206451416016, 126.39141845703125, 15.415471076965332)"
2024/09/30/21:04:53.120276,222,0,0,,"(0.9337342977523804, -0.17504362761974335)","(118.80561065673828, 29.7127742767334, 134.0748291015625, 35.965843200683594, 126.56005096435547, 15.148480415344238)"
2024/09/30/21:04:53.223684,223,0,0,,"(0.935397207736969, -0.1659277379512787)","(119.34444427490234, 29.645957946777344, 134.24803161621094, 35.46686553955078, 126.49642944335938, 15.33340835571289)"
2024/09/30/21:04:53.321009,224,0,0,,"(0.9384856820106506, -0.1474606841802597)","(119.88211822509766, 29.579206466674805, 134.88204956054688, 35.147151947021484, 126.65906524658203, 15.08531379699707)"
2024/09/30/21:04:53.424330,225,0,0,,"(0.9350028038024902, -0.16813598573207855)","(120.42007446289062, 29.517236709594727, 135.51600646972656, 34.819400787353516, 126.81282806396484, 14.849834442138672)"
2024/09/30/21:04:53.522542,226,0,0,,"(0.9378161430358887, -0.15166042745113373)","(120.96349334716797, 29.45871353149414, 136.1542205810547, 34.482826232910156, 126.96176147460938, 14.625616073608398)"
2024/09/30/21:04:53.621837,227,0,0,,"(0.9362019896507263, -0.1613253355026245)","(121.50826263427734, 29.397705078125, 136.31349182128906, 33.98630905151367, 126.93082427978516, 14.87717342376709)"
2024/09/30/21:04:53.722643,228,0,0,,"(0.9402454495429993, -0.13578836619853973)","(122.05487823486328, 29.32900619506836, 136.94541931152344, 33.63269805908203, 127.0849838256836, 14.667901039123535)"
2024/09/30/21:04:53.826207,229,0,0,,"(0.9366349577903748, -0.15879222750663757)","(122.60388946533203, 29.251014709472656, 137.57530212402344, 33.264339447021484, 127.23806762695312, 14.459990501403809)"
2024/09/30/21:04:53.922303,230,0,0,,"(0.935617208480835, -0.16468273103237152)","(123.1536865234375, 29.167879104614258, 138.2017822265625, 32.88332748413086, 127.38839721679688, 14.257574081420898)"
2024/09/30/21:04:54.024138,231,0,0,,"(0.9363192915916443, -0.16064313054084778)","(123.70549011230469, 29.0828800201416, 138.33834838867188, 32.38130187988281, 127.41268920898438, 14.548208236694336)"
2024/09/30/21:04:54.120378,232,0,0,,"(0.9375222325325012, -0.15346698462963104)","(124.2604751586914, 28.9976749420166, 138.9591522216797, 31.989151000976562, 127.57206726074219, 14.36779499053955)"
2024/09/30/21:04:54.223853,233,0,0,,"(0.9373275637626648, -0.1546512097120285)","(124.81877136230469, 28.91062355041504, 139.5782012939453, 31.586318969726562, 127.7310562133789, 14.196052551269531)"
2024/09/30/21:04:54.322255,234,0,0,,"(0.9364618062973022, -0.15981009602546692)","(125.379638671875, 28.82062339782715, 140.19412231445312, 31.1724910736084, 127.89019775390625, 14.032212257385254)"
2024/09/30/21:04:54.424169,235,0,0,,"(0.935449481010437, -0.16563305258750916)","(125.9425048828125, 28.727365493774414, 140.80581665039062, 30.747800827026367, 128.04991149902344, 13.876142501831055)"
2024/09/30/21:04:54.522328,236,0,0,,"(0.9353671073913574, -0.16609756648540497)","(126.50691986083984, 28.63239097595215, 141.41244506835938, 30.313295364379883, 128.21031188964844, 13.729424476623535)"
2024/09/30/21:04:54.626454,237,0,0,,"(0.935791015625, -0.1636923998594284)","(127.07323455810547, 28.53679847717285, 141.515869140625, 29.825347900390625, 128.32879638671875, 14.091259956359863)"
2024/09/30/21:04:54.724097,238,0,0,,"(0.9361447095870972, -0.1616574376821518)","(127.64169311523438, 28.44080924987793, 142.1109161376953, 29.38515281677246, 128.50625610351562, 13.966608047485352)"
2024/09/30/21:04:54.826100,239,0,0,,"(0.9358537197113037, -0.16333337128162384)","(128.21217346191406, 28.343544006347656, 142.7000274658203, 28.936708450317383, 128.68682861328125, 13.85131549835205)"
2024/09/30/21:04:54.920956,240,0,0,,"(0.9354601502418518, -0.16557274758815765)","(128.78421020507812, 28.244844436645508, 143.2823028564453, 28.480493545532227, 128.87106323242188, 13.745104789733887)"
2024/09/30/21:04:55.023446,241,0,0,,"(0.9353818297386169, -0.16601471602916718)","(129.3574981689453, 28.145273208618164, 143.85693359375, 28.017393112182617, 129.0594482421875, 13.648336410522461)"
2024/09/30/21:04:55.119269,242,0,0,,"(0.9355851411819458, -0.1648649424314499)","(129.93177795410156, 28.045459747314453, 144.4232635498047, 27.548377990722656, 129.2525177001953, 13.56137752532959)"
2024/09/30/21:04:55.225032,243,0,0,,"(0.9360105395317078, -0.16243238747119904)","(130.5072784423828, 27.945955276489258, 144.98129272460938, 27.07807159423828, 129.4520721435547, 13.484402656555176)"
2024/09/30/21:04:55.323605,244,0,0,,"(0.9361759424209595, -0.16147638857364655)","(131.0841064453125, 27.846446990966797, 145.5303955078125, 26.599538803100586, 129.65682983398438, 13.416864395141602)"
2024/09/30/21:04:55.423176,245,0,0,,"(0.9361115097999573, -0.16184955835342407)","(131.66229248046875, 27.746591567993164, 146.07044982910156, 26.11711311340332, 129.86863708496094, 13.357956886291504)"
2024/09/30/21:04:55.523988,246,0,0,,"(0.9359658360481262, -0.16268961131572723)","(132.24147033691406, 27.646272659301758, 146.60081481933594, 25.631601333618164, 130.08798217773438, 13.307076454162598)"
2024/09/30/21:04:55.622932,247,0,0,,"(0.9360061287879944, -0.1624579131603241)","(132.82135009765625, 27.54582977294922, 147.12106323242188, 25.144060134887695, 130.3153076171875, 13.26403522491455)"
2024/09/30/21:04:55.721960,248,0,0,,"(0.9361205101013184, -0.16179729998111725)","(133.4017333984375, 27.445478439331055, 147.6307830810547, 24.655508041381836, 130.55101013183594, 13.22846794128418)"
2024/09/30/21:04:55.823223,249,0,0,,"(0.9361748695373535, -0.16148245334625244)","(133.98272705078125, 27.34512710571289, 148.13009643554688, 24.166715621948242, 130.79566955566406, 13.199718475341797)"
2024/09/30/21:04:55.921980,250,0,0,,"(0.9361393451690674, -0.16168852150440216)","(134.56451416015625, 27.244604110717773, 149.103759765625, 23.555423736572266, 130.9285888671875, 12.691938400268555)"
2024/09/30/21:04:56.023993,251,0,0,,"(0.9360194206237793, -0.1623811423778534)","(135.1471710205078, 27.14371109008789, 149.5791473388672, 23.05494499206543, 131.1815948486328, 12.677396774291992)"
2024/09/30/21:04:56.120577,252,0,0,,"(0.9359678626060486, -0.16267801821231842)","(135.7304229736328, 27.042579650878906, 150.04393005371094, 22.556671142578125, 131.4449462890625, 12.667783737182617)"
2024/09/30/21:04:56.223020,253,0,0,,"(0.9359701871871948, -0.16266454756259918)","(136.3140106201172, 26.941265106201172, 150.49826049804688, 22.06199836730957, 131.71878051757812, 12.662476539611816)"
2024/09/30/21:04:56.323691,254,0,0,,"(0.9360033869743347, -0.16247355937957764)","(136.89772033691406, 26.84003448486328, 150.94183349609375, 21.570951461791992, 132.0031280517578, 12.661073684692383)"
2024/09/30/21:04:56.423591,255,0,0,,"(0.9358856081962585, -0.16315074265003204)","(137.48170471191406, 26.7385196685791, 151.83843994140625, 20.89607810974121, 132.12542724609375, 12.19340991973877)"
2024/09/30/21:04:56.523884,256,0,0,,"(0.9357931017875671, -0.16368046402931213)","(138.06613159179688, 26.636695861816406, 152.25704956054688, 20.402286529541016, 132.42205810546875, 12.200820922851562)"
2024/09/30/21:04:56.622559,257,0,0,,"(0.935844361782074, -0.16338695585727692)","(138.65121459960938, 26.534772872924805, 152.66636657714844, 19.914669036865234, 132.73001098632812, 12.210341453552246)"
2024/09/30/21:04:56.721561,258,0,0,,"(0.9359344840049744, -0.1628701239824295)","(139.23670959472656, 26.432903289794922, 153.06658935546875, 19.434032440185547, 133.0491180419922, 12.221511840820312)"
2024/09/30/21:04:56.822183,259,0,0,,"(0.9359882473945618, -0.16256077587604523)","(139.82235717773438, 26.331104278564453, 153.8979034423828, 18.72329330444336, 133.17129516601562, 11.779012680053711)"
2024/09/30/21:04:56.920128,260,0,0,,"(0.935967206954956, -0.16268177330493927)","(140.4079132080078, 26.229297637939453, 154.27439880371094, 18.24677276611328, 133.5040740966797, 11.795416831970215)"
2024/09/30/21:04:57.022296,261,0,0,,"(0.9359248876571655, -0.16292499005794525)","(140.9936065673828, 26.12739372253418, 154.64295959472656, 17.779035568237305, 133.84774780273438, 11.811781883239746)"
2024/09/30/21:04:57.120004,262,0,0,,"(0.9359121918678284, -0.16299818456172943)","(141.57962036132812, 26.025400161743164, 155.42385864257812, 17.048377990722656, 133.97166442871094, 11.384054183959961)"
2024/09/30/21:04:57.222204,263,0,0,,"(0.9359880089759827, -0.16256196796894073)","(142.16615295410156, 25.923444747924805, 155.77154541015625, 16.588376998901367, 134.32984924316406, 11.403037071228027)"
2024/09/30/21:04:57.320233,264,0,0,,"(0.9360436201095581, -0.16224150359630585)","(142.7529754638672, 25.821563720703125, 156.1129608154297, 16.138553619384766, 134.69859313964844, 11.42097282409668)"
2024/09/30/21:04:57.422446,265,0,0,,"(0.9360391497612, -0.1622675508260727)","(143.33981323242188, 25.719703674316406, 156.84579467773438, 15.395539283752441, 134.82708740234375, 11.00462532043457)"
2024/09/30/21:04:57.521496,266,0,0,,"(0.9359979033470154, -0.16250525414943695)","(143.9264678955078, 25.617822647094727, 157.1682891845703, 14.956954002380371, 135.20960998535156, 11.022736549377441)"
2024/09/30/21:04:57.622171,267,0,0,,"(0.9359586834907532, -0.16273096203804016)","(144.5131378173828, 25.515871047973633, 157.48606872558594, 14.529375076293945, 135.6018524169922, 11.038679122924805)"
2024/09/30/21:04:57.722251,268,0,0,,"(0.9359592795372009, -0.16272754967212677)","(145.1000518798828, 25.413867950439453, 158.17343139648438, 13.780434608459473, 135.7360382080078, 10.629914283752441)"
2024/09/30/21:04:57.822930,269,0,0,,"(0.9359790086746216, -0.16261379420757294)","(145.68739318847656, 25.31182098388672, 158.4759063720703, 13.365941047668457, 136.14181518554688, 10.64444351196289)"
2024/09/30/21:04:57.922068,270,0,0,,"(0.9359909892082214, -0.16254501044750214)","(146.27491760253906, 25.20976448059082, 159.1326141357422, 12.612947463989258, 136.2789306640625, 10.240459442138672)"
2024/09/30/21:04:58.023934,271,0,0,,"(0.9359660148620605, -0.16268888115882874)","(146.86239624023438, 25.10767364501953, 159.42135620117188, 12.213000297546387, 136.69749450683594, 10.252547264099121)"
2024/09/30/21:04:58.122685,272,0,0,,"(0.9359439611434937, -0.1628153920173645)","(147.4496307373047, 25.00558090209961, 160.04844665527344, 11.458639144897461, 136.83749389648438, 9.851947784423828)"
2024/09/30/21:04:58.220356,273,0,0,,"(0.935937225818634, -0.16285423934459686)","(148.03683471679688, 24.903467178344727, 160.32518005371094, 11.074274063110352, 137.26805114746094, 9.860750198364258)"
2024/09/30/21:04:58.322231,274,0,0,,"(0.9359453916549683, -0.1628074049949646)","(148.6242218017578, 24.80132484436035, 160.92474365234375, 10.320394515991211, 137.41148376464844, 9.462663650512695)"
2024/09/30/21:04:58.422071,275,0,0,,"(0.9359557032585144, -0.16274800896644592)","(149.21200561523438, 24.699127197265625, 161.19192504882812, 9.951874732971191, 137.8538818359375, 9.467814445495605)"
2024/09/30/21:04:58.523890,276,0,0,,"(0.9359562397003174, -0.16274482011795044)","(149.7999267578125, 24.596904754638672, 161.76597595214844, 9.200040817260742, 138.00112915039062, 9.071492195129395)"
2024/09/30/21:04:58.623267,277,0,0,,"(0.9359590411186218, -0.16272889077663422)","(150.38775634765625, 24.494701385498047, 162.02513122558594, 8.847920417785645, 138.45437622070312, 9.07249641418457)"
2024/09/30/21:04:58.724079,278,0,0,,"(0.9359608292579651, -0.16271856427192688)","(150.97532653808594, 24.392547607421875, 162.5749053955078, 8.099922180175781, 138.60499572753906, 8.677107810974121)"
2024/09/30/21:04:58.823646,279,0,0,,"(0.9359716176986694, -0.16265659034252167)","(151.56283569335938, 24.290424346923828, 162.82749938964844, 7.76446533203125, 139.06817626953125, 8.673650741577148)"
2024/09/30/21:04:58.922784,280,0,0,,"(0.9359784722328186, -0.16261710226535797)","(152.1505126953125, 24.188289642333984, 163.35508728027344, 7.021240234375, 139.22242736816406, 8.278722763061523)"
2024/09/30/21:04:59.018627,281,0,0,,"(0.93597412109375, -0.16264209151268005)","(152.73855590820312, 24.086091995239258, 163.603271484375, 6.701961517333984, 139.69532775878906, 8.270766258239746)"
2024/09/30/21:04:59.122421,282,0,0,,"(0.9359665513038635, -0.16268567740917206)","(153.3267059326172, 23.983861923217773, 164.11058044433594, 5.96420955657959, 139.85330200195312, 7.875860214233398)"
2024/09/30/21:04:59.223165,283,0,0,,"(0.9359689950942993, -0.16267147660255432)","(153.9147491455078, 23.881656646728516, 164.35549926757812, 5.661045551300049, 140.33497619628906, 7.86323881149292)"
2024/09/30/21:04:59.322474,284,0,0,,"(0.9359749555587769, -0.16263717412948608)","(154.50250244140625, 23.779512405395508, 164.84365844726562, 4.929836273193359, 140.4960479736328, 7.46788215637207)"
2024/09/30/21:04:59.422615,285,0,0,,"(0.9359750747680664, -0.1626364290714264)","(155.09019470214844, 23.677383422851562, 165.08644104003906, 4.642549991607666, 140.98556518554688, 7.450562953948975)"
2024/09/30/21:04:59.522620,286,0,0,,"(0.9359714984893799, -0.16265718638896942)","(155.6780242919922, 23.575223922729492, 165.5572967529297, 3.918165683746338, 141.14987182617188, 7.054540157318115)"
2024/09/30/21:04:59.623560,287,0,0,,"(0.9359604120254517, -0.1627209633588791)","(156.2661895751953, 23.472986221313477, 166.0162811279297, 3.195267915725708, 141.3148956298828, 6.659050464630127)"
2024/09/30/21:04:59.718477,288,0,0,,"(0.9359574913978577, -0.1627378761768341)","(156.85446166992188, 23.37071990966797, 166.25479125976562, 2.9285144805908203, 141.81472778320312, 6.635837078094482)"
2024/09/30/21:04:59.818596,289,0,0,,"(0.9359617233276367, -0.16271336376667023)","(157.442626953125, 23.26848030090332, 166.69863891601562, 2.213162660598755, 141.98275756835938, 6.239310264587402)"
2024/09/30/21:04:59.922751,290,0,0,,"(0.9359666705131531, -0.1626848727464676)","(158.03048706054688, 23.16629981994629, 166.93780517578125, 1.9611191749572754, 142.48902893066406, 6.211565017700195)"
2024/09/30/21:05:00.020001,291,0,0,,"(0.9359651803970337, -0.16269350051879883)","(158.61825561523438, 23.064128875732422, 167.3675994873047, 1.2536035776138306, 142.65965270996094, 5.813826084136963)"
2024/09/30/21:05:00.124593,292,0,0,,"(0.9359611868858337, -0.16271646320819855)","(159.2061767578125, 22.961929321289062, 167.78733825683594, 0.5484543442726135, 142.8309326171875, 5.416241645812988)"
2024/09/30/21:05:00.222323,293,0,0,,"(0.9359592795372009, -0.16272754967212677)","(159.79441833496094, 22.859664916992188, 168.02598571777344, 0.31545290350914, 143.3456573486328, 5.382874011993408)"
2024/09/30/21:05:00.318872,294,0,0,,"(0.9359602332115173, -0.16272206604480743)","(160.3827667236328, 22.7575626373291, 168.43519592285156, -0.3813295364379883, 143.51712036132812, 4.986805438995361)"
2024/09/30/21:05:00.421491,295,0,0,,"(0.935964822769165, -0.16269543766975403)","(160.9709930419922, 22.655309677124023, 168.6767120361328, -0.6013420224189758, 144.03729248046875, 4.9493842124938965)"
2024/09/30/21:05:00.518983,296,0,0,,"(0.9359678030014038, -0.16267848014831543)","(161.55889892578125, 22.55356216430664, 169.07362365722656, -1.2902851104736328, 144.21337890625, 4.5498785972595215)"
2024/09/30/21:05:00.618826,297,0,0,,"(0.935967206954956, -0.16268187761306763)","(162.14674377441406, 22.451385498046875, 169.46192932128906, -1.976837158203125, 144.39002990722656, 4.1497578620910645)"
2024/09/30/21:05:00.722333,298,0,0,,"(0.9359649419784546, -0.1626950204372406)","(162.7346954345703, 22.349180221557617, 169.7054443359375, -2.1795542240142822, 144.9167022705078, 4.10723352432251)"
2024/09/30/21:05:00.822785,299,0,0,,"(0.9359663724899292, -0.16268669068813324)","(163.322998046875, 22.246923446655273, 170.0845947265625, -2.8584725856781006, 145.0959014892578, 3.705806016921997)"
2024/09/30/21:05:00.922716,300,0,0,,"(0.9359686970710754, -0.16267338395118713)","(163.911376953125, 22.1446533203125, 170.4561309814453, -3.5344464778900146, 145.2756805419922, 3.304255247116089)"
2024/09/30/21:05:01.022707,301,0,0,,"(0.9359694719314575, -0.16266867518424988)","(164.49964904785156, 22.042407989501953, 170.70323181152344, -3.721238136291504, 145.80856323242188, 3.256951093673706)"
2024/09/30/21:05:01.121812,302,0,0,,"(0.9359686374664307, -0.16267353296279907)","(165.08758544921875, 21.940217971801758, 171.06649780273438, -4.389471530914307, 145.99009704589844, 2.853947877883911)"
2024/09/30/21:05:01.221439,303,0,0,,"(0.9359647035598755, -0.16269627213478088)","(165.67544555664062, 21.838035583496094, 171.31837463378906, -4.565701961517334, 146.52667236328125, 2.8032238483428955)"
2024/09/30/21:05:01.322688,304,0,0,,"(0.9359623789787292, -0.16270962357521057)","(166.26344299316406, 21.73582649230957, 171.67434692382812, -5.226594924926758, 146.71011352539062, 2.39888072013855)"
2024/09/30/21:05:01.423340,305,0,0,,"(0.935962975025177, -0.16270609200000763)","(166.8517608642578, 21.63355827331543, 172.0240478515625, -5.884571075439453, 146.8942413330078, 1.994379997253418)"
2024/09/30/21:05:01.521631,306,0,0,,"(0.9359647631645203, -0.1626957505941391)","(167.44017028808594, 21.531278610229492, 172.2811737060547, -6.04705810546875, 147.43609619140625, 1.9395174980163574)"
2024/09/30/21:05:01.623612,307,0,0,,"(0.9359658360481262, -0.16268979012966156)","(168.0284423828125, 21.42902183532715, 172.62457275390625, -6.697932720184326, 147.6219024658203, 1.5337202548980713)"
2024/09/30/21:05:01.722481,308,0,0,,"(0.9359655380249023, -0.1626913994550705)","(168.6164093017578, 21.326820373535156, 172.9620361328125, -7.3457350730896, 147.80792236328125, 1.1276367902755737)"
2024/09/30/21:05:01.822945,309,0,0,,"(0.9359647035598755, -0.16269615292549133)","(169.20428466796875, 21.224632263183594, 173.224609375, -7.4953436851501465, 148.3538055419922, 1.0688016414642334)"
2024/09/30/21:05:01.922846,310,0,0,,"(0.9359642863273621, -0.16269859671592712)","(169.79229736328125, 21.122421264648438, 173.55673217773438, -8.136406898498535, 148.54141235351562, 0.6614888906478882)"
2024/09/30/21:05:02.022732,311,0,0,,"(0.9359644651412964, -0.16269761323928833)","(170.38063049316406, 21.020153045654297, 173.88380432128906, -8.774606704711914, 148.7296142578125, 0.25398004055023193)"
2024/09/30/21:05:02.123611,312,0,0,,"(0.935964822769165, -0.16269545257091522)","(170.9690399169922, 20.917871475219727, 174.15284729003906, -8.912707328796387, 149.27976989746094, 0.1916642040014267)"
2024/09/30/21:05:02.222695,313,0,0,,"(0.9359650611877441, -0.16269436478614807)","(171.55734252929688, 20.815610885620117, 174.47532653808594, -9.54448413848877, 149.4693603515625, -0.21701580286026)"
2024/09/30/21:05:02.323212,314,0,0,,"(0.9359649419784546, -0.1626948118209839)","(172.1453094482422, 20.71340560913086, 174.79293823242188, -10.173323631286621, 149.65908813476562, -0.6259973645210266)"
2024/09/30/21:05:02.423900,315,0,0,,"(0.9359647631645203, -0.16269579529762268)","(172.7332000732422, 20.611215591430664, 175.1060028076172, -10.799288749694824, 149.84913635253906, -1.0352522134780884)"
2024/09/30/21:05:02.522564,316,0,0,,"(0.9359647035598755, -0.1626962274312973)","(173.3212127685547, 20.509002685546875, 175.382080078125, -10.92350959777832, 150.4033966064453, -1.1017252206802368)"
2024/09/30/21:05:02.624113,317,0,0,,"(0.9359647631645203, -0.162695974111557)","(173.9095458984375, 20.406734466552734, 175.69171142578125, -11.543601036071777, 150.594970703125, -1.5119913816452026)"
2024/09/30/21:05:02.722125,318,0,0,,"(0.935964822769165, -0.1626955270767212)","(174.4979705810547, 20.3044490814209, 175.99729919433594, -12.160947799682617, 150.7869415283203, -1.9224976301193237)"
2024/09/30/21:05:02.822658,319,0,0,,"(0.9359648823738098, -0.16269533336162567)","(175.08627319335938, 20.20218849182129, 176.280517578125, -12.275862693786621, 151.34442138671875, -1.9918349981307983)"
2024/09/30/21:05:02.922854,320,0,0,,"(0.935964822769165, -0.16269545257091522)","(175.67425537109375, 20.0999813079834, 176.5828094482422, -12.887508392333984, 151.53720092773438, -2.403416633605957)"
2024/09/30/21:05:03.021615,321,0,0,,"(0.935964822769165, -0.16269564628601074)","(176.26214599609375, 19.997791290283203, 176.88134765625, -13.49648666381836, 151.730224609375, -2.8152575492858887)"
2024/09/30/21:05:03.122196,322,0,0,,"(0.935964822769165, -0.1626957207918167)","(176.85015869140625, 19.89557647705078, 177.17156982421875, -13.60288143157959, 152.2902069091797, -2.88728404045105)"
2024/09/30/21:05:03.223237,323,0,0,,"(0.935964822769165, -0.16269566118717194)","(177.43850708007812, 19.793306350708008, 177.4676971435547, -14.206680297851562, 152.48455810546875, -3.29998779296875)"
2024/09/30/21:05:03.323410,324,0,0,,"(0.935964822769165, -0.16269557178020477)","(178.0269317626953, 19.691022872924805, 177.76048278808594, -14.807948112487793, 152.67922973632812, -3.7129123210906982)"
2024/09/30/21:05:03.424232,325,0,0,,"(0.935964822769165, -0.16269554197788239)","(178.615234375, 19.588760375976562, 178.05804443359375, -14.906740188598633, 153.24183654785156, -3.78730845451355)"
2024/09/30/21:05:03.522800,326,0,0,,"(0.935964822769165, -0.16269557178020477)","(179.20321655273438, 19.486553192138672, 178.348388671875, -15.503005981445312, 153.43711853027344, -4.2011613845825195)"
2024/09/30/21:05:03.622838,327,0,0,,"(0.935964822769165, -0.16269560158252716)","(179.79110717773438, 19.384361267089844, 178.63563537597656, -16.09682846069336, 153.63258361816406, -4.615250587463379)"
2024/09/30/21:05:03.723314,328,0,0,,"(0.935964822769165, -0.16269561648368835)","(180.37913513183594, 19.282148361206055, 178.9199676513672, -16.688268661499023, 153.82839965820312, -5.029542922973633)"
2024/09/30/21:05:03.823060,329,0,0,,"(0.935964822769165, -0.16269560158252716)","(180.9674835205078, 19.17987823486328, 179.22579956054688, -16.777965545654297, 154.39376831054688, -5.106695652008057)"
2024/09/30/21:05:03.920669,330,0,0,,"(0.935964822769165, -0.16269558668136597)","(181.555908203125, 19.077592849731445, 179.5085906982422, -17.364944458007812, 154.59066772460938, -5.521707057952881)"
2024/09/30/21:05:04.023300,331,0,0,,"(0.935964822769165, -0.16269558668136597)","(182.1442108154297, 18.975330352783203, 179.7886199951172, -17.949609756469727, 154.78770446777344, -5.936946392059326)"
2024/09/30/21:05:04.123029,332,0,0,,"(0.935964822769165, -0.16269558668136597)","(182.73219299316406, 18.873123168945312, 180.1014404296875, -18.033233642578125, 155.35472106933594, -6.016101360321045)"
2024/09/30/21:05:04.218631,333,0,0,,"(0.935964822769165, -0.16269560158252716)","(183.32009887695312, 18.770931243896484, 180.37982177734375, -18.613622665405273, 155.5522003173828, -6.432118892669678)"
2024/09/30/21:05:04.319971,334,0,0,,"(0.935964822769165, -0.16269560158252716)","(183.9081268310547, 18.668716430664062, 180.65577697753906, -19.19184684753418, 155.74996948242188, -6.848313808441162)"
2024/09/30/21:05:04.422091,335,0,0,,"(0.935964822769165, -0.16269560158252716)","(184.49647521972656, 18.56644630432129, 180.9294891357422, -19.767959594726562, 155.9481964111328, -7.264655590057373)"
2024/09/30/21:05:04.523732,336,0,0,,"(0.935964822769165, -0.16269558668136597)","(185.08489990234375, 18.464160919189453, 181.250732421875, -19.84444236755371, 156.51766967773438, -7.345981121063232)"
2024/09/30/21:05:04.622683,337,0,0,,"(0.935964822769165, -0.16269558668136597)","(185.67320251464844, 18.36189842224121, 181.52330017089844, -20.416683197021484, 156.71649169921875, -7.76297664642334)"
2024/09/30/21:05:04.723249,338,0,0,,"(0.935964822769165, -0.16269558668136597)","(186.2611846923828, 18.25969123840332, 181.79351806640625, -20.98683738708496, 156.915283203125, -8.180200576782227)"
2024/09/30/21:05:04.820233,339,0,0,,"(0.935964822769165, -0.16269558668136597)","(186.84909057617188, 18.15749740600586, 182.12142944335938, -21.058561325073242, 157.4858856201172, -8.263178825378418)"
2024/09/30/21:05:04.922587,340,0,0,,"(0.935964822769165, -0.16269558668136597)","(187.43711853027344, 18.05528450012207, 182.3907470703125, -21.6251163482666, 157.68527221679688, -8.680991172790527)"
2024/09/30/21:05:05.021445,341,0,0,,"(0.935964822769165, -0.16269558668136597)","(188.02545166015625, 17.953012466430664, 182.65817260742188, -22.189760208129883, 157.88507080078125, -9.098925590515137)"
2024/09/30/21:05:05.121789,342,0,0,,"(0.935964822769165, -0.16269558668136597)","(188.6138916015625, 17.85072898864746, 182.92369079589844, -22.752492904663086, 158.08511352539062, -9.517014503479004)"
2024/09/30/21:05:05.222038,343,0,0,,"(0.935964822769165, -0.16269558668136597)","(189.2021942138672, 17.748464584350586, 183.2597198486328, -22.818603515625, 158.65769958496094, -9.6017484664917)"
2024/09/30/21:05:05.324333,344,0,0,,"(0.935964822769165, -0.16269558668136597)","(189.79017639160156, 17.646257400512695, 183.5243377685547, -23.377992630004883, 158.85794067382812, -10.020437240600586)"
2024/09/30/21:05:05.423707,345,0,0,,"(0.935964822769165, -0.16269558668136597)","(190.37808227539062, 17.54411506652832, 183.78868103027344, -23.935758590698242, 159.0623016357422, -10.443771362304688)"
2024/09/30/21:05:05.525434,346,0,0,,"(0.935964822769165, -0.16269558668136597)","(190.9661102294922, 17.4419002532959, 184.04978942871094, -24.49155616760254, 159.26287841796875, -10.862781524658203)"
2024/09/30/21:05:05.622759,347,0,0,,"(0.935964822769165, -0.16269558668136597)","(191.55445861816406, 17.339630126953125, 184.39361572265625, -24.55276107788086, 159.83697509765625, -10.949088096618652)"
2024/09/30/21:05:05.721447,348,0,0,,"(0.935964822769165, -0.16269558668136597)","(192.14288330078125, 17.23734474182129, 184.6544189453125, -25.105575561523438, 160.03829956054688, -11.368521690368652)"
2024/09/30/21:05:05.824826,349,0,0,,"(0.935964822769165, -0.16269558668136597)","(192.73118591308594, 17.135080337524414, 184.9135284423828, -25.656673431396484, 160.2396697998047, -11.788114547729492)"
2024/09/30/21:05:05.920567,350,0,0,,"(0.935964822769165, -0.16269558668136597)","(193.31918334960938, 17.032873153686523, 185.26351928710938, -25.7147159576416, 160.8145751953125, -11.875612258911133)"
2024/09/30/21:05:06.023422,351,0,0,,"(0.935964822769165, -0.16269558668136597)","(193.90707397460938, 16.930681228637695, 185.5220489501953, -26.262968063354492, 161.0160675048828, -12.295705795288086)"
2024/09/30/21:05:06.123266,352,0,0,,"(0.935964822769165, -0.16269558668136597)","(194.49510192871094, 16.828466415405273, 185.77911376953125, -26.809608459472656, 161.21778869628906, -12.715912818908691)"
2024/09/30/21:05:06.223479,353,0,0,,"(0.935964822769165, -0.16269558668136597)","(195.0834503173828, 16.7261962890625, 186.03488159179688, -27.354677200317383, 161.41986083984375, -13.136202812194824)"
2024/09/30/21:05:06.323528,354,0,0,,"(0.935964822769165, -0.16269558668136597)","(195.671875, 16.623910903930664, 186.39236450195312, -27.408926010131836, 161.9962921142578, -13.224954605102539)"
2024/09/30/21:05:06.419674,355,0,0,,"(0.935964822769165, -0.16269558668136597)","(196.26019287109375, 16.52164649963379, 186.64784240722656, -27.9514102935791, 162.19871520996094, -13.645650863647461)"
2024/09/30/21:05:06.524986,356,0,0,,"(0.935964822769165, -0.16269558668136597)","(196.84817504882812, 16.4194393157959, 186.9018096923828, -28.492359161376953, 162.40101623535156, -14.066511154174805)"
2024/09/30/21:05:06.624149,357,0,0,,"(0.935964822769165, -0.16269558668136597)","(197.43606567382812, 16.31724739074707, 187.15438842773438, -29.031810760498047, 162.60336303710938, -14.487502098083496)"
2024/09/30/21:05:06.724693,358,0,0,,"(0.935964822769165, -0.16269558668136597)","(198.0240936279297, 16.21503257751465, 187.5187225341797, -29.082727432250977, 163.1805877685547, -14.577489852905273)"
2024/09/30/21:05:06.819072,359,0,0,,"(0.935964822769165, -0.16269558668136597)","(198.61244201660156, 16.112762451171875, 187.77137756347656, -29.619844436645508, 163.3835906982422, -14.998777389526367)"
2024/09/30/21:05:06.923751,360,0,0,,"(0.935964822769165, -0.16269558668136597)","(199.2008819580078, 16.01047706604004, 188.02284240722656, -30.15554428100586, 163.58676147460938, -15.420162200927734)"
2024/09/30/21:05:07.022631,361,0,0,,"(0.935964822769165, -0.16269558668136597)","(199.7891845703125, 15.90821361541748, 188.27304077148438, -30.689836502075195, 163.78994750976562, -15.841672897338867)"
2024/09/30/21:05:07.122828,362,0,0,,"(0.935964822769165, -0.16269558668136597)","(200.37716674804688, 15.80600643157959, 188.64413452148438, -30.737905502319336, 164.36810302734375, -15.932723999023438)"
2024/09/30/21:05:07.218312,363,0,0,,"(0.935964822769165, -0.16269558668136597)","(200.96507263183594, 15.703201293945312, 188.89500427246094, -31.270870208740234, 164.57302856445312, -16.357192993164062)"
2024/09/30/21:05:07.324870,364,0,0,,"(0.935964822769165, -0.16269558668136597)","(201.5531005859375, 15.60098648071289, 189.1439666748047, -31.80168914794922, 164.7765655517578, -16.77935218811035)"
2024/09/30/21:05:07.424262,365,0,0,,"(0.935964822769165, -0.16269558668136597)","(202.14144897460938, 15.4987154006958, 189.52078247070312, -31.848079681396484, 165.3557891845703, -16.87126350402832)"
2024/09/30/21:05:07.521666,366,0,0,,"(0.935964822769165, -0.16269558668136597)","(202.72987365722656, 15.396430015563965, 189.76992797851562, -32.376888275146484, 165.5598907470703, -17.29366683959961)"
2024/09/30/21:05:07.622166,367,0,0,,"(0.935964822769165, -0.16269558668136597)","(203.31817626953125, 15.294167518615723, 190.01795959472656, -32.904422760009766, 165.7639923095703, -17.716182708740234)"
2024/09/30/21:05:07.722218,368,0,0,,"(0.935964822769165, -0.16269558668136597)","(203.9061737060547, 15.191959381103516, 190.26480102539062, -33.43069839477539, 165.96795654296875, -18.13883399963379)"
2024/09/30/21:05:07.822360,369,0,0,,"(0.935964822769165, -0.16269558668136597)","(204.49407958984375, 15.09030532836914, 190.6474609375, -33.47430419921875, 166.5472412109375, -18.230670928955078)"
2024/09/30/21:05:07.921667,370,0,0,,"(0.935964822769165, -0.16269558668136597)","(205.0821075439453, 14.988005638122559, 190.89431762695312, -33.99879455566406, 166.7513885498047, -18.65357208251953)"
2024/09/30/21:05:08.021969,371,0,0,,"(0.935964822769165, -0.16269558668136597)","(205.6704559326172, 14.885734558105469, 191.1403350830078, -34.52201461791992, 166.955810546875, -19.076404571533203)"
2024/09/30/21:05:08.122143,372,0,0,,"(0.935964822769165, -0.16269558668136597)","(206.25888061523438, 14.783449172973633, 191.38546752929688, -35.0440673828125, 167.16038513183594, -19.49930763244629)"
2024/09/30/21:05:08.219127,373,0,0,,"(0.935964822769165, -0.16269558668136597)","(206.84719848632812, 14.68118667602539, 191.7745361328125, -35.08642578125, 167.740966796875, -19.592754364013672)"
2024/09/30/21:05:08.322768,374,0,0,,"(0.935964822769165, -0.16269558668136597)","(207.4351806640625, 14.578978538513184, 192.01951599121094, -35.60675048828125, 167.9454345703125, -20.015966415405273)"
2024/09/30/21:05:08.419275,375,0,0,,"(0.935964822769165, -0.16269558668136597)","(208.0230712890625, 14.476785659790039, 192.26356506347656, -36.12595748901367, 168.14991760253906, -20.439266204833984)"
2024/09/30/21:05:08.522258,376,0,0,,"(0.935964822769165, -0.16269558668136597)","(208.61109924316406, 14.374571800231934, 192.50680541992188, -36.64406967163086, 168.35455322265625, -20.862625122070312)"
2024/09/30/21:05:08.620294,377,0,0,,"(0.935964822769165, -0.16269558668136597)","(209.19944763183594, 14.272300720214844, 192.9016876220703, -36.68486785888672, 168.935791015625, -20.956771850585938)"
2024/09/30/21:05:08.722422,378,0,0,,"(0.935964822769165, -0.16269558668136597)","(209.7878875732422, 14.170015335083008, 193.145263671875, -37.20140838623047, 169.14093017578125, -21.380298614501953)"
2024/09/30/21:05:08.819016,379,0,0,,"(0.935964822769165, -0.16269558668136597)","(210.37619018554688, 14.067752838134766, 193.38795471191406, -37.716896057128906, 169.34603881835938, -21.803913116455078)"
2024/09/30/21:05:08.922761,380,0,0,,"(0.935964822769165, -0.16269558668136597)","(210.96417236328125, 13.965544700622559, 193.6296844482422, -38.231346130371094, 169.5509796142578, -22.22764015197754)"
2024/09/30/21:05:09.021200,381,0,0,,"(0.935964822769165, -0.16269558668136597)","(211.5520782470703, 13.863351821899414, 194.02989196777344, -38.27082824707031, 170.1324462890625, -22.322484970092773)"
2024/09/30/21:05:09.124141,382,0,0,,"(0.935964822769165, -0.16269558668136597)","(212.14010620117188, 13.761137962341309, 194.27178955078125, -38.7838249206543, 170.3376007080078, -22.746410369873047)"
2024/09/30/21:05:09.220329,383,0,0,,"(0.935964822769165, -0.16269558668136597)","(212.72845458984375, 13.658866882324219, 194.51309204101562, -39.29583740234375, 170.5430450439453, -23.17035484313965)"
2024/09/30/21:05:09.323059,384,0,0,,"(0.935964822769165, -0.16269558668136597)","(213.31687927246094, 13.556581497192383, 194.7537078857422, -39.8068733215332, 170.7486114501953, -23.59435272216797)"
2024/09/30/21:05:09.420926,385,0,0,,"(0.935964822769165, -0.16269558668136597)","(213.90518188476562, 13.45431900024414, 195.159423828125, -39.845272064208984, 171.33090209960938, -23.689722061157227)"
2024/09/30/21:05:09.522999,386,0,0,,"(0.935964822769165, -0.16269558668136597)","(214.49317932128906, 13.352110862731934, 195.3999786376953, -40.35496520996094, 171.5363006591797, -24.113962173461914)"
2024/09/30/21:05:09.620549,387,0,0,,"(0.935964822769165, -0.16269558668136597)","(215.08106994628906, 13.249918937683105, 195.63978576660156, -40.86372375488281, 171.74168395996094, -24.53827476501465)"
2024/09/30/21:05:09.723519,388,0,0,,"(0.935964822769165, -0.16269558668136597)","(215.66909790039062, 13.147704124450684, 195.8789825439453, -41.37156677246094, 171.9472198486328, -24.962629318237305)"
2024/09/30/21:05:09.820038,389,0,0,,"(0.935964822769165, -0.16269558668136597)","(216.2574462890625, 13.045433044433594, 196.289794921875, -41.40907287597656, 172.53001403808594, -25.058515548706055)"
2024/09/30/21:05:09.923586,390,0,0,,"(0.935964822769165, -0.16269558668136597)","(216.84588623046875, 12.943147659301758, 196.52940368652344, -41.91567611694336, 172.73599243164062, -25.482982635498047)"
2024/09/30/21:05:10.020150,391,0,0,,"(0.935964822769165, -0.16269558668136597)","(217.43418884277344, 12.840885162353516, 196.7682647705078, -42.4213981628418, 172.94192504882812, -25.907520294189453)"
2024/09/30/21:05:10.123600,392,0,0,,"(0.935964822769165, -0.16269558668136597)","(218.0221710205078, 12.738677024841309, 197.00634765625, -42.9262580871582, 173.14767456054688, -26.332155227661133)"
2024/09/30/21:05:10.219573,393,0,0,,"(0.935964822769165, -0.16269558668136597)","(218.61007690429688, 12.63648509979248, 197.4217987060547, -42.96303939819336, 173.73056030273438, -26.428577423095703)"
2024/09/30/21:05:10.323130,394,0,0,,"(0.935964822769165, -0.16269558668136597)","(219.19810485839844, 12.534270286560059, 197.66009521484375, -43.46675491333008, 173.9364776611328, -26.85335922241211)"
2024/09/30/21:05:10.419824,395,0,0,,"(0.935964822769165, -0.16269558668136597)","(219.78643798828125, 12.431548118591309, 197.89894104003906, -43.97046661376953, 174.14407348632812, -27.280231475830078)"
2024/09/30/21:05:10.523164,396,0,0,,"(0.935964822769165, -0.16269558668136597)","(220.37486267089844, 12.329132080078125, 198.13636779785156, -44.47270965576172, 174.3505401611328, -27.705379486083984)"
2024/09/30/21:05:10.619103,397,0,0,,"(0.935964822769165, -0.16269558668136597)","(220.96316528320312, 12.22685432434082, 198.5568084716797, -44.50898361206055, 174.9342498779297, -27.802366256713867)"
2024/09/30/21:05:10.722424,398,0,0,,"(0.935964822769165, -0.16269558668136597)","(221.55116271972656, 12.124794960021973, 198.794189453125, -45.00987243652344, 175.1404571533203, -28.227371215820312)"
2024/09/30/21:05:10.819547,399,0,0,,"(0.935964822769165, -0.16269558668136597)","(222.13905334472656, 12.022602081298828, 199.0309600830078, -45.5101318359375, 175.34666442871094, -28.652591705322266)"
2024/09/30/21:05:10.922707,400,0,0,,"(0.935964822769165, -0.16269558668136597)","(222.72708129882812, 11.920387268066406, 199.26724243164062, -46.00961685180664, 175.55299377441406, -29.077842712402344)"
2024/09/30/21:05:11.018895,401,0,0,,"(0.935964822769165, -0.16269558668136597)","(223.3154296875, 11.818117141723633, 199.692138671875, -46.04542922973633, 176.13702392578125, -29.17514991760254)"
2024/09/30/21:05:11.123635,402,0,0,,"(0.935964822769165, -0.16269558668136597)","(223.90386962890625, 11.715831756591797, 199.92884826660156, -46.543922424316406, 176.34376525878906, -29.600475311279297)"
2024/09/30/21:05:11.219225,403,0,0,,"(0.935964822769165, -0.16269558668136597)","(224.49217224121094, 11.613568305969238, 200.16497802734375, -47.04167556762695, 176.5504608154297, -30.025859832763672)"
2024/09/30/21:05:11.323567,404,0,0,,"(0.935964822769165, -0.16269558668136597)","(225.0801544189453, 11.511361122131348, 200.40040588378906, -47.53870391845703, 176.75694274902344, -30.45132827758789)"
2024/09/30/21:05:11.418914,405,0,0,,"(0.935964822769165, -0.16269558668136597)","(225.66806030273438, 11.409168243408203, 200.829345703125, -47.57420349121094, 177.34097290039062, -30.54905128479004)"
2024/09/30/21:05:11.522955,406,0,0,,"(0.935964822769165, -0.16269558668136597)","(226.25608825683594, 11.306953430175781, 201.0650177001953, -48.070316314697266, 177.54759216308594, -30.974632263183594)"
2024/09/30/21:05:11.618852,407,0,0,,"(0.935964822769165, -0.16269558668136597)","(226.8444366455078, 11.204683303833008, 201.3003692626953, -48.56571960449219, 177.75448608398438, -31.400209426879883)"
2024/09/30/21:05:11.722836,408,0,0,,"(0.935964822769165, -0.16269558668136597)","(227.432861328125, 11.102397918701172, 201.53529357910156, -49.060428619384766, 177.9614715576172, -31.825815200805664)"
2024/09/30/21:05:11.818679,409,0,0,,"(0.935964822769165, -0.16269558668136597)","(228.0211639404297, 11.000134468078613, 201.96853637695312, -49.095706939697266, 178.54608154296875, -31.923810958862305)"
2024/09/30/21:05:11.920416,410,0,0,,"(0.935964822769165, -0.16269558668136597)","(228.60916137695312, 10.897927284240723, 202.20343017578125, -49.589576721191406, 178.75283813476562, -32.34958267211914)"
2024/09/30/21:05:12.018904,411,0,0,,"(0.935964822769165, -0.16269558668136597)","(229.19705200195312, 10.795734405517578, 202.4378204345703, -50.08277893066406, 178.95956420898438, -32.77539825439453)"
2024/09/30/21:05:12.123422,412,0,0,,"(0.935964822769165, -0.16269558668136597)","(229.7850799560547, 10.693519592285156, 202.67181396484375, -50.575321197509766, 179.16641235351562, -33.201236724853516)"
2024/09/30/21:05:12.217990,413,0,0,,"(0.935964822769165, -0.16269558668136597)","(230.37342834472656, 10.591249465942383, 203.1090087890625, -50.610477447509766, 179.7512969970703, -33.29952621459961)"
2024/09/30/21:05:12.322956,414,0,0,,"(0.935964822769165, -0.16269558668136597)","(230.9618682861328, 10.488964080810547, 203.3434600830078, -51.10221481323242, 179.9585418701172, -33.72541046142578)"
2024/09/30/21:05:12.418987,415,0,0,,"(0.935964822769165, -0.16269558668136597)","(231.5501708984375, 10.386700630187988, 203.577392578125, -51.593326568603516, 180.16571044921875, -34.151344299316406)"
2024/09/30/21:05:12.522987,416,0,0,,"(0.935964822769165, -0.16269558668136597)","(232.13815307617188, 10.284493446350098, 203.8107147216797, -52.08382034301758, 180.3726806640625, -34.57735061645508)"
2024/09/30/21:05:12.618919,417,0,0,,"(0.935964822769165, -0.16269558668136597)","(232.72605895996094, 10.182300567626953, 204.0435791015625, -52.573699951171875, 180.57960510253906, -35.00340270996094)"
2024/09/30/21:05:12.723397,418,0,0,,"(0.935964822769165, -0.16269558668136597)","(233.3140869140625, 10.080085754394531, 204.48500061035156, -52.60870361328125, 181.16455078125, -35.10206604003906)"
2024/09/30/21:05:12.819271,419,0,0,,"(0.935964822769165, -0.16269558668136597)","(233.90243530273438, 9.977861404418945, 204.7172088623047, -53.09727478027344, 181.3704376220703, -35.52642059326172)"
2024/09/30/21:05:12.922709,420,0,0,,"(0.935964822769165, -0.16269558668136597)","(234.49087524414062, 9.875415802001953, 204.95022583007812, -53.58599090576172, 181.57791137695312, -35.952728271484375)"
2024/09/30/21:05:13.020402,421,0,0,,"(0.935964822769165, -0.16269558668136597)","(235.0791778564453, 9.773153305053711, 205.18275451660156, -54.0739631652832, 181.78530883789062, -36.37891387939453)"
2024/09/30/21:05:13.122176,422,0,0,,"(0.935964822769165, -0.16269558668136597)","(235.6671600341797, 9.670945167541504, 205.62777709960938, -54.10902786254883, 182.3704833984375, -36.47787857055664)"
2024/09/30/21:05:13.220338,423,0,0,,"(0.935964822769165, -0.16269558668136597)","(236.25506591796875, 9.568753242492676, 205.86032104492188, -54.59634017944336, 182.57765197753906, -36.90420150756836)"
2024/09/30/21:05:13.322976,424,0,0,,"(0.935964822769165, -0.16269558668136597)","(236.8430938720703, 9.466538429260254, 206.09254455566406, -55.08308410644531, 182.78494262695312, -37.330535888671875)"
2024/09/30/21:05:13.420345,425,0,0,,"(0.935964822769165, -0.16269558668136597)","(237.4314422607422, 9.364267349243164, 206.32456970214844, -55.56925964355469, 182.99249267578125, -37.756858825683594)"
2024/09/30/21:05:13.523241,426,0,0,,"(0.935964822769165, -0.16269558668136597)","(238.01986694335938, 9.261981964111328, 206.7732696533203, -55.60441589355469, 183.57818603515625, -37.855987548828125)"
2024/09/30/21:05:13.619951,427,0,0,,"(0.935964822769165, -0.16269558668136597)","(238.60818481445312, 9.159719467163086, 207.0054931640625, -56.08995819091797, 183.7857666015625, -38.28239059448242)"
2024/09/30/21:05:13.722783,428,0,0,,"(0.935964822769165, -0.16269558668136597)","(239.1961669921875, 9.057511329650879, 207.2371826171875, -56.57497787475586, 183.99314880371094, -38.7088623046875)"
2024/09/30/21:05:13.820609,429,0,0,,"(0.935964822769165, -0.16269558668136597)","(239.7840576171875, 8.955318450927734, 207.46847534179688, -57.059471130371094, 184.20046997070312, -39.13536834716797)"
2024/09/30/21:05:13.922783,430,0,0,,"(0.935964822769165, -0.16269558668136597)","(240.37208557128906, 8.853104591369629, 207.92022705078125, -57.09480667114258, 184.7860565185547, -39.23476028442383)"
2024/09/30/21:05:14.020377,431,0,0,,"(0.935964822769165, -0.16269558668136597)","(240.96043395996094, 8.750833511352539, 208.15199279785156, -57.57868957519531, 184.9937744140625, -39.661277770996094)"
2024/09/30/21:05:14.122998,432,0,0,,"(0.935964822769165, -0.16269558668136597)","(241.5488739013672, 8.648548126220703, 208.38343811035156, -58.06205368041992, 185.2015838623047, -40.08781433105469)"
2024/09/30/21:05:14.221818,433,0,0,,"(0.935964822769165, -0.16269558668136597)","(242.13717651367188, 8.546285629272461, 208.61448669433594, -58.54491424560547, 185.40931701660156, -40.51438522338867)"
2024/09/30/21:05:14.323053,434,0,0,,"(0.935964822769165, -0.16269558668136597)","(242.72515869140625, 8.444077491760254, 209.06939697265625, -58.58046340942383, 185.99502563476562, -40.61397171020508)"
2024/09/30/21:05:14.420228,435,0,0,,"(0.935964822769165, -0.16269558668136597)","(243.3130645751953, 8.34188461303711, 209.30043029785156, -59.06279373168945, 186.20252990722656, -41.04066467285156)"
2024/09/30/21:05:14.523557,436,0,0,,"(0.935964822769165, -0.16269558668136597)","(243.90109252929688, 8.239670753479004, 209.5312042236328, -59.54462814331055, 186.41012573242188, -41.46736145019531)"
2024/09/30/21:05:14.622609,437,0,0,,"(0.935964822769165, -0.16269558668136597)","(244.48944091796875, 8.137399673461914, 209.7618408203125, -60.025962829589844, 186.61798095703125, -41.89404296875)"
2024/09/30/21:05:14.721964,438,0,0,,"(0.935964822769165, -0.16269558668136597)","(245.07786560058594, 8.035114288330078, 210.22003173828125, -60.061737060546875, 187.20419311523438, -41.993743896484375)"
2024/09/30/21:05:14.821513,439,0,0,,"(0.935964822769165, -0.16269558668136597)","(245.66616821289062, 7.932851314544678, 210.4508514404297, -60.54255294799805, 187.4120635986328, -42.42049026489258)"
2024/09/30/21:05:14.921663,440,0,0,,"(0.935964822769165, -0.16269558668136597)","(246.25416564941406, 7.830643653869629, 210.68118286132812, -61.022918701171875, 187.61973571777344, -42.84729766845703)"
2024/09/30/21:05:15.022693,441,0,0,,"(0.935964822769165, -0.16269558668136597)","(246.84205627441406, 7.728451251983643, 210.91114807128906, -61.50282669067383, 187.8273468017578, -43.27413558959961)"
2024/09/30/21:05:15.123690,442,0,0,,"(0.935964822769165, -0.16269558668136597)","(247.43008422851562, 7.626236438751221, 211.14089965820312, -61.98227310180664, 188.0350799560547, -43.70098114013672)"
2024/09/30/21:05:15.223074,443,0,0,,"(0.935964822769165, -0.16269558668136597)","(248.0184326171875, 7.523965835571289, 211.60247802734375, -62.018306732177734, 188.6213836669922, -43.8008918762207)"
2024/09/30/21:05:15.322567,444,0,0,,"(0.935964822769165, -0.16269558668136597)","(248.60687255859375, 7.421680927276611, 211.83265686035156, -62.49725341796875, 188.8294677734375, -44.22773742675781)"
2024/09/30/21:05:15.421823,445,0,0,,"(0.935964822769165, -0.16269558668136597)","(249.19517517089844, 7.319417476654053, 212.06246948242188, -62.97576141357422, 189.0374755859375, -44.65461730957031)"
2024/09/30/21:05:15.523492,446,0,0,,"(0.935964822769165, -0.16269558668136597)","(249.7831573486328, 7.217450141906738, 212.28997802734375, -63.45264434814453, 189.2431182861328, -45.0788688659668)"
2024/09/30/21:05:15.618443,447,0,0,,"(0.935964822769165, -0.16269558668136597)","(250.3710479736328, 7.11551570892334, 212.7539825439453, -63.488704681396484, 189.8291015625, -45.1785774230957)"
2024/09/30/21:05:15.721527,448,0,0,,"(0.935964822769165, -0.16269558668136597)","(250.95907592773438, 7.013300895690918, 212.9834442138672, -63.96628189086914, 190.03683471679688, -45.60542297363281)"
2024/09/30/21:05:15.824022,449,0,0,,"(0.935964822769165, -0.16269558668136597)","(251.54742431640625, 6.911030292510986, 213.21279907226562, -64.44341278076172, 190.24481201171875, -46.03224182128906)"
2024/09/30/21:05:15.924112,450,0,0,,"(0.935964822769165, -0.16269558668136597)","(252.1358642578125, 6.80874490737915, 213.4419403076172, -64.92012786865234, 190.452880859375, -46.45907211303711)"
2024/09/30/21:05:16.021801,451,0,0,,"(0.935964822769165, -0.16269558668136597)","(252.7241668701172, 6.70648193359375, 213.90887451171875, -64.95677947998047, 191.03929138183594, -46.55915069580078)"
2024/09/30/21:05:16.124003,452,0,0,,"(0.935964822769165, -0.16269558668136597)","(253.31214904785156, 6.604274272918701, 214.13795471191406, -65.43309020996094, 191.2470703125, -46.986083984375)"
2024/09/30/21:05:16.224217,453,0,0,,"(0.935964822769165, -0.16269558668136597)","(253.90005493164062, 6.502081871032715, 214.36671447753906, -65.90900421142578, 191.45480346679688, -47.41304397583008)"
2024/09/30/21:05:16.323545,454,0,0,,"(0.935964822769165, -0.16269558668136597)","(254.48806762695312, 6.399867057800293, 214.59527587890625, -66.38450622558594, 191.66262817382812, -47.840003967285156)"
2024/09/30/21:05:16.420765,455,0,0,,"(0.935964822769165, -0.16269558668136597)","(255.076416015625, 6.297596454620361, 215.0648193359375, -66.4215316772461, 192.2491912841797, -47.94020462036133)"
2024/09/30/21:05:16.523336,456,0,0,,"(0.935964822769165, -0.16269558668136597)","(255.66485595703125, 6.195311069488525, 215.29380798339844, -66.8966064453125, 192.45736694335938, -48.367156982421875)"
2024/09/30/21:05:16.621503,457,0,0,,"(0.935964822769165, -0.16269558668136597)","(256.253173828125, 6.093048095703125, 215.52247619628906, -67.37130737304688, 192.6654510498047, -48.79414367675781)"
2024/09/30/21:05:16.724266,458,0,0,,"(0.935964822769165, -0.16269558668136597)","(256.8411560058594, 5.990840435028076, 215.75070190429688, -67.84564208984375, 192.87332153320312, -49.22118377685547)"
2024/09/30/21:05:16.822619,459,0,0,,"(0.935964822769165, -0.16269558668136597)","(257.4290466308594, 5.88864803314209, 216.22247314453125, -67.8830795288086, 193.45965576171875, -49.321563720703125)"
2024/09/30/21:05:16.923927,460,0,0,,"(0.935964822769165, -0.16269558668136597)","(258.0170593261719, 5.786433219909668, 216.45091247558594, -68.3570327758789, 193.66758728027344, -49.74863815307617)"
2024/09/30/21:05:17.023474,461,0,0,,"(0.935964822769165, -0.16269558668136597)","(258.60540771484375, 5.684162616729736, 216.67929077148438, -68.83059692382812, 193.8757781982422, -50.175689697265625)"
2024/09/30/21:05:17.122352,462,0,0,,"(0.935964822769165, -0.16269558668136597)","(259.19384765625, 5.5818772315979, 216.907470703125, -69.30377960205078, 194.0840301513672, -50.60274124145508)"
2024/09/30/21:05:17.218354,463,0,0,,"(0.935964822769165, -0.16269558668136597)","(259.78216552734375, 5.4796142578125, 217.13534545898438, -69.776611328125, 194.29220581054688, -51.02982711791992)"
2024/09/30/21:05:17.323370,464,0,0,,"(0.935964822769165, -0.16269558668136597)","(260.3701477050781, 5.377406597137451, 217.60997009277344, -69.81446838378906, 194.87872314453125, -51.13032913208008)"
2024/09/30/21:05:17.423194,465,0,0,,"(0.935964822769165, -0.16269558668136597)","(260.9580383300781, 5.275214195251465, 217.83779907226562, -70.28697204589844, 195.08663940429688, -51.55750274658203)"
2024/09/30/21:05:17.523793,466,0,0,,"(0.935964822769165, -0.16269558668136597)","(261.54608154296875, 5.172999382019043, 218.06546020507812, -70.75911712646484, 195.29464721679688, -51.98467254638672)"
2024/09/30/21:05:17.624028,467,0,0,,"(0.935964822769165, -0.16269558668136597)","(262.1344299316406, 5.070364952087402, 218.2935791015625, -71.23152923583984, 195.50347900390625, -52.412818908691406)"
2024/09/30/21:05:17.724029,468,0,0,,"(0.935964822769165, -0.16269558668136597)","(262.7228698730469, 4.967935562133789, 218.7708740234375, -71.2699966430664, 196.09056091308594, -52.513671875)"
2024/09/30/21:05:17.823838,469,0,0,,"(0.935964822769165, -0.16269558668136597)","(263.3111572265625, 4.8656721115112305, 218.998779296875, -71.74151611328125, 196.2989501953125, -52.94101333618164)"
2024/09/30/21:05:17.923232,470,0,0,,"(0.935964822769165, -0.16269558668136597)","(263.8991394042969, 4.763464450836182, 219.22625732421875, -72.21271514892578, 196.5071258544922, -53.368404388427734)"
2024/09/30/21:05:18.019097,471,0,0,,"(0.935964822769165, -0.16269558668136597)","(264.487060546875, 4.661272048950195, 219.45347595214844, -72.68358612060547, 196.71524047851562, -53.79582214355469)"
2024/09/30/21:05:18.123953,472,0,0,,"(0.935964822769165, -0.16269558668136597)","(265.0750732421875, 4.559057712554932, 219.9327392578125, -72.72237396240234, 197.30209350585938, -53.89666748046875)"
2024/09/30/21:05:18.222653,473,0,0,,"(0.935964822769165, -0.16269558668136597)","(265.6634216308594, 4.456787109375, 220.160400390625, -73.19290161132812, 197.5105743408203, -54.324058532714844)"
2024/09/30/21:05:18.323349,474,0,0,,"(0.935964822769165, -0.16269558668136597)","(266.2518615722656, 4.354501724243164, 220.38787841796875, -73.66309356689453, 197.71913146972656, -54.7514533996582)"
2024/09/30/21:05:18.423973,475,0,0,,"(0.9431969523429871, -0.11348801106214523)","(266.8401794433594, 4.2522382736206055, 220.61508178710938, -74.13297271728516, 197.92759704589844, -55.17887496948242)"
2024/09/30/21:05:18.523336,476,0,0,,"(0.9431969523429871, -0.11348801106214523)","(267.42816162109375, 4.150030612945557, 220.84188842773438, -74.6025619506836, 198.13583374023438, -55.60634994506836)"
2024/09/30/21:05:18.623694,477,0,0,,"(0.9431969523429871, -0.11348801106214523)","(268.01605224609375, 4.04783821105957, 221.32359313964844, -74.64183044433594, 198.72268676757812, -55.70731735229492)"
2024/09/30/21:05:18.724130,478,0,0,,"(0.9367799758911133, -0.15793423354625702)","(268.6042175292969, 3.947173595428467, 221.551025390625, -75.10974884033203, 198.9314727783203, -56.13368225097656)"
2024/09/30/21:05:18.822928,479,0,0,,"(0.9374582767486572, -0.15385697782039642)","(269.1929626464844, 3.848045825958252, 221.77896118164062, -75.57589721679688, 199.14111328125, -56.558815002441406)"
2024/09/30/21:05:18.924041,480,0,0,,"(0.9381633996963501, -0.14949744939804077)","(269.7821044921875, 3.7507832050323486, 222.0073699951172, -76.0400390625, 199.35154724121094, -56.982540130615234)"
2024/09/30/21:05:19.022527,481,0,0,,"(0.9384320974349976, -0.14780128002166748)","(270.37127685546875, 3.6547439098358154, 222.4932861328125, -76.07416534423828, 199.9409637451172, -57.07887649536133)"
2024/09/30/21:05:19.123963,482,0,0,,"(0.9381504654884338, -0.1495785415172577)","(270.96002197265625, 3.5588340759277344, 222.72193908691406, -76.5369644165039, 200.15145874023438, -57.50176239013672)"
2024/09/30/21:05:19.222323,483,0,0,,"(0.9379265904426575, -0.1509760171175003)","(271.5487060546875, 3.4628918170928955, 222.95033264160156, -76.99951171875, 200.3618927001953, -57.924705505371094)"
2024/09/30/21:05:19.323743,484,0,0,,"(0.9379485845565796, -0.1508391946554184)","(272.1375732421875, 3.367204427719116, 223.17872619628906, -77.46150207519531, 200.57254028320312, -58.34743118286133)"
2024/09/30/21:05:19.422657,485,0,0,,"(0.9382874369621277, -0.14871662855148315)","(272.7269287109375, 3.2723381519317627, 223.6669921875, -77.49505615234375, 201.16244506835938, -58.442935943603516)"
2024/09/30/21:05:19.524590,486,0,0,,"(0.9384824633598328, -0.1474810242652893)","(273.31646728515625, 3.1781325340270996, 223.8963165283203, -77.95538330078125, 201.3740234375, -58.86445999145508)"
2024/09/30/21:05:19.623498,487,0,0,,"(0.9386395215988159, -0.14647804200649261)","(273.9060363769531, 3.084569215774536, 224.12559509277344, -78.41487121582031, 201.5857696533203, -59.28554916381836)"
2024/09/30/21:05:19.724578,488,0,0,,"(0.9386072754859924, -0.14668463170528412)","(274.4952697753906, 2.991293430328369, 224.35458374023438, -78.8739013671875, 201.79739379882812, -59.706520080566406)"
2024/09/30/21:05:19.824354,489,0,0,,"(0.9387209415435791, -0.14595533907413483)","(274.9577331542969, 2.937122106552124, 224.18199157714844, -79.12428283691406, 201.7077178955078, -59.88553237915039)"
2024/09/30/21:05:19.923798,490,0,0,,"(0.9388061761856079, -0.1454063057899475)","(275.5472106933594, 2.844707489013672, 224.35606384277344, -79.54745483398438, 201.8826904296875, -60.262664794921875)"
2024/09/30/21:05:20.023995,491,0,0,,"(0.9390637874603271, -0.1437329649925232)","(276.1371154785156, 2.7529959678649902, 224.53048706054688, -79.9694595336914, 202.0581817626953, -60.63911819458008)"
2024/09/30/21:05:20.124258,492,0,0,,"(0.9391677379608154, -0.14305232465267181)","(276.626220703125, 2.7371950149536133, 224.75604248046875, -79.82027435302734, 202.42837524414062, -60.515724182128906)"
2024/09/30/21:05:20.222726,493,0,0,,"(0.9393734931945801, -0.14169487357139587)","(277.21630859375, 2.646679639816284, 224.8778533935547, -80.20673370361328, 202.5642852783203, -60.844085693359375)"
2024/09/30/21:05:20.324959,494,0,0,,"(0.9394333958625793, -0.14129729568958282)","(277.8061218261719, 2.5566325187683105, 224.99954223632812, -80.59211730957031, 202.7001190185547, -61.1719970703125)"
2024/09/30/21:05:20.424657,495,0,0,,"(0.9396628737449646, -0.13976289331912994)","(278.3078918457031, 2.5808205604553223, 224.8800048828125, -80.7646255493164, 202.62442016601562, -61.23935317993164)"
2024/09/30/21:05:20.525142,496,0,0,,"(0.9397640228271484, -0.13908137381076813)","(278.89794921875, 2.4920380115509033, 224.94444274902344, -81.10980987548828, 202.7142333984375, -61.5102424621582)"
2024/09/30/21:05:20.624269,497,0,0,,"(0.9392470717430115, -0.14253035187721252)","(279.43377685546875, 2.499467372894287, 225.134521484375, -80.87824249267578, 203.05374145507812, -61.26840591430664)"
2024/09/30/21:05:20.723688,498,0,0,,"(0.9388546943664551, -0.1450926512479782)","(280.02392578125, 2.4090166091918945, 225.15811157226562, -81.19567108154297, 203.10888671875, -61.497772216796875)"
2024/09/30/21:05:20.822762,499,0,0,,"(0.9383691549301147, -0.1482003778219223)","(280.61376953125, 2.317445755004883, 225.18118286132812, -81.51261138916016, 203.1636962890625, -61.727352142333984)"
2024/09/30/21:05:20.924126,500,0,0,,"(0.9383206367492676, -0.14850720763206482)","(281.1670227050781, 2.354156732559204, 225.02413940429688, -81.6040267944336, 203.0511474609375, -61.6685676574707)"
2024/09/30/21:05:21.022442,501,0,0,,"(0.9387045502662659, -0.1460607349872589)","(281.7564392089844, 2.2627735137939453, 225.2833251953125, -81.4736557006836, 203.45465087890625, -61.53245544433594)"
2024/09/30/21:05:21.122878,502,0,0,,"(0.9389793872833252, -0.14428354799747467)","(282.3460693359375, 2.1718668937683105, 225.2646484375, -81.75645446777344, 203.47198486328125, -61.71186447143555)"
