time,.Ship_ID,.Pos_X,.Pos_Y,.Vel_U,.Heading
2024/09/30/21:04:31.020032,2001,150.025826807,146.652602071,0.386692537657,271.206335583
2024/09/30/21:04:31.123315,2001,150.033967696,146.266001713,0.386692537657,271.206335583
2024/09/30/21:04:31.220171,2001,150.042108573,145.879401944,0.386692537657,271.206335583
2024/09/30/21:04:31.322903,2001,150.050249438,145.492802764,0.386692537657,271.206335583
2024/09/30/21:04:31.419728,2001,150.05839029,145.106204172,0.386692537657,271.206335583
2024/09/30/21:04:31.524212,2001,150.066531129,144.71960617,0.386692537657,271.206335583
2024/09/30/21:04:31.618515,2001,150.074671956,144.333008756,0.386692537657,271.206335583
2024/09/30/21:04:31.723231,2001,150.082812771,143.946411931,0.386692537657,271.206335583
2024/09/30/21:04:31.819539,2001,150.090953573,143.559815694,0.386692537657,271.206335583
2024/09/30/21:04:31.923644,2001,150.099094363,143.173220047,0.386692537657,271.206335583
2024/09/30/21:04:32.019472,2001,150.107235141,142.786624988,0.386692537657,271.206335583
2024/09/30/21:04:32.118880,2001,150.115375906,142.400030518,0.386692537657,271.206335583
2024/09/30/21:04:32.219504,2001,150.123516659,142.013436637,0.386692537657,271.206335583
2024/09/30/21:04:32.324619,2001,150.131657399,141.626843345,0.386692537657,271.206335583
2024/09/30/21:04:32.419405,2001,150.139798127,141.240250642,0.386692537657,271.206335583
2024/09/30/21:04:32.523732,2001,150.147938843,140.853658527,0.386692537657,271.206335583
2024/09/30/21:04:32.619674,2001,150.156079546,140.467067001,0.386692537657,271.206335583
2024/09/30/21:04:32.722609,2001,150.164220237,140.080476064,0.386692537657,271.206335583
2024/09/30/21:04:32.819945,2001,150.172360915,139.693885716,0.386692537657,271.206335583
2024/09/30/21:04:32.923972,2001,150.180501581,139.307295957,0.386692537657,271.206335583
2024/09/30/21:04:33.019575,2001,150.188642235,138.920706786,0.386692537657,271.206335583
2024/09/30/21:04:33.121955,2001,150.196782876,138.534118205,0.386692537657,271.206335583
2024/09/30/21:04:33.219687,2001,150.204923504,138.147530212,0.386692537657,271.206335583
2024/09/30/21:04:33.323848,2001,150.213064121,137.760942807,0.386692537657,271.206335583
2024/09/30/21:04:33.421184,2001,150.221204725,137.374355992,0.386692537657,271.206335583
2024/09/30/21:04:33.523605,2001,150.229345316,136.987769766,0.386692537657,271.206335583
2024/09/30/21:04:33.619292,2001,150.237485895,136.601184128,0.386692537657,271.206335583
2024/09/30/21:04:33.723741,2001,150.245626462,136.214599079,0.386692537657,271.206335583
2024/09/30/21:04:33.822191,2001,150.253767016,135.828014619,0.386692537657,271.206335583
2024/09/30/21:04:33.924012,2001,150.261907558,135.441430747,0.386692537657,271.206335583
2024/09/30/21:04:34.020838,2001,150.270048087,135.054847465,0.386692537657,271.206335583
2024/09/30/21:04:34.124743,2001,150.278188604,134.668264771,0.386692537657,271.206335583
2024/09/30/21:04:34.223273,2001,150.286329108,134.281682666,0.386692537657,271.206335583
2024/09/30/21:04:34.323931,2001,150.294469601,133.895101149,0.386692537657,271.206335583
2024/09/30/21:04:34.421499,2001,150.30261008,133.508520222,0.386692537657,271.206335583
2024/09/30/21:04:34.521958,2001,150.310750547,133.121939883,0.386692537657,271.206335583
2024/09/30/21:04:34.621541,2001,150.318891002,132.735360133,0.386692537657,271.206335583
2024/09/30/21:04:34.722839,2001,150.327031444,132.348780972,0.386692537657,271.206335583
2024/09/30/21:04:34.820408,2001,150.335171874,131.9622024,0.386692537657,271.206335583
2024/09/30/21:04:34.925177,2001,150.343312291,131.575624416,0.386692537657,271.206335583
2024/09/30/21:04:35.020704,2001,150.351452696,131.189047022,0.386692537657,271.206335583
2024/09/30/21:04:35.123569,2001,150.059879527,127.676939059,0.528596614316,270.188567414
2024/09/30/21:04:35.219309,2001,150.061619174,127.148352815,0.528596614316,270.188567414
2024/09/30/21:04:35.323518,2001,150.063358818,126.619767377,0.528596614316,270.188567414
2024/09/30/21:04:35.419129,2001,150.06509846,126.091182744,0.528596614316,270.188567414
2024/09/30/21:04:35.522599,2001,150.0668381,125.562598915,0.528596614316,270.188567414
2024/09/30/21:04:35.620733,2001,150.068577736,125.034015892,0.528596614316,270.188567414
2024/09/30/21:04:35.722692,2001,150.07031737,124.505433674,0.528596614316,270.188567414
2024/09/30/21:04:35.821574,2001,150.072057002,123.976852261,0.528596614316,270.188567414
2024/09/30/21:04:35.923031,2001,150.07379663,123.448271653,0.528596614316,270.188567414
2024/09/30/21:04:36.019587,2001,150.075536257,122.919691851,0.528596614316,270.188567414
2024/09/30/21:04:36.120475,2001,150.07727588,122.391112853,0.528596614316,270.188567414
2024/09/30/21:04:36.223891,2001,150.079015501,121.86253466,0.528596614316,270.188567414
2024/09/30/21:04:36.322874,2001,150.080755119,121.333957272,0.528596614316,270.188567414
2024/09/30/21:04:36.421894,2001,150.082494734,120.80538069,0.528596614316,270.188567414
2024/09/30/21:04:36.522751,2001,150.084234347,120.276804912,0.528596614316,270.188567414
2024/09/30/21:04:36.621783,2001,150.085973957,119.74822994,0.528596614316,270.188567414
2024/09/30/21:04:36.721871,2001,150.087713565,119.219655773,0.528596614316,270.188567414
2024/09/30/21:04:36.823557,2001,150.08945317,118.69108241,0.528596614316,270.188567414
2024/09/30/21:04:36.924462,2001,150.091192772,118.162509853,0.528596614316,270.188567414
2024/09/30/21:04:37.021071,2001,150.092932371,117.633938101,0.528596614316,270.188567414
2024/09/30/21:04:37.124414,2001,150.094671968,117.105367154,0.528596614316,270.188567414
2024/09/30/21:04:37.221827,2001,150.096411563,116.576797011,0.528596614316,270.188567414
2024/09/30/21:04:37.321605,2001,150.098151154,116.048227674,0.528596614316,270.188567414
2024/09/30/21:04:37.418870,2001,150.099890743,115.519659142,0.528596614316,270.188567414
2024/09/30/21:04:37.524423,2001,150.101630329,114.991091415,0.528596614316,270.188567414
2024/09/30/21:04:37.622858,2001,150.103369913,114.462524493,0.528596614316,270.188567414
2024/09/30/21:04:37.723813,2001,150.105109494,113.933958376,0.528596614316,270.188567414
2024/09/30/21:04:37.821700,2001,150.106849072,113.405393065,0.528596614316,270.188567414
2024/09/30/21:04:37.922377,2001,150.108588648,112.876828558,0.528596614316,270.188567414
2024/09/30/21:04:38.023617,2001,150.110328221,112.348264856,0.528596614316,270.188567414
2024/09/30/21:04:38.122402,2001,150.112067791,111.819701959,0.528596614316,270.188567414
2024/09/30/21:04:38.222895,2001,150.113807359,111.291139868,0.528596614316,270.188567414
2024/09/30/21:04:38.323951,2001,150.115546924,110.762578581,0.528596614316,270.188567414
2024/09/30/21:04:38.421666,2001,150.117286486,110.234018099,0.528596614316,270.188567414
2024/09/30/21:04:38.523069,2001,150.119026046,109.705458423,0.528596614316,270.188567414
2024/09/30/21:04:38.621867,2001,150.120765603,109.176899551,0.528596614316,270.188567414
2024/09/30/21:04:38.719582,2001,150.122505157,108.648341485,0.528596614316,270.188567414
2024/09/30/21:04:38.824130,2001,150.124244709,108.119784223,0.528596614316,270.188567414
2024/09/30/21:04:38.923569,2001,150.125984258,107.591227767,0.528596614316,270.188567414
2024/09/30/21:04:39.022811,2001,150.127723804,107.062672115,0.528596614316,270.188567414
2024/09/30/21:04:39.121975,2001,150.129463347,106.534117269,0.528596614316,270.188567414
2024/09/30/21:04:39.223181,2001,150.131202888,106.005563227,0.528596614316,270.188567414
2024/09/30/21:04:39.324183,2001,150.132942426,105.477009991,0.528596614316,270.188567414
2024/09/30/21:04:39.420026,2001,150.134681962,104.94845756,0.528596614316,270.188567414
2024/09/30/21:04:39.523782,2001,150.136421494,104.419905933,0.528596614316,270.188567414
2024/09/30/21:04:39.620023,2001,150.138161024,103.891355112,0.528596614316,270.188567414
2024/09/30/21:04:39.725133,2001,150.139900552,103.362805096,0.528596614316,270.188567414
2024/09/30/21:04:39.824624,2001,150.141640076,102.834255885,0.528596614316,270.188567414
2024/09/30/21:04:39.923798,2001,150.143379598,102.305707478,0.528596614316,270.188567414
2024/09/30/21:04:40.024345,2001,150.145119117,101.777159877,0.528596614316,270.188567414
2024/09/30/21:04:40.123225,2001,150.033838209,98.2075241667,0.609284639142,270.02033012
2024/09/30/21:04:40.222440,2001,150.034054398,97.5982483447,0.609284639142,270.02033012
2024/09/30/21:04:40.325536,2001,150.02701079,96.9896843605,0.60870679561,270.007216936
2024/09/30/21:04:40.423570,2001,150.024577839,96.3814305182,0.60833469744,270.002538753
2024/09/30/21:04:40.520282,2001,150.023287036,95.7733900075,0.60811403372,270.000075506
2024/09/30/21:04:40.622823,2001,150.023287839,95.1652798998,0.60811403372,270.000075506
2024/09/30/21:04:40.725102,2001,150.023288641,94.5571707183,0.60811403372,270.000075506
2024/09/30/21:04:40.825490,2001,150.023289444,93.949062463,0.60811403372,270.000075506
2024/09/30/21:04:40.920854,2001,150.023290246,93.340955134,0.60811403372,270.000075506
2024/09/30/21:04:41.024767,2001,150.023291049,92.7328487311,0.60811403372,270.000075506
2024/09/30/21:04:41.123982,2001,150.023291851,92.1247432544,0.60811403372,270.000075506
2024/09/30/21:04:41.223000,2001,150.023292654,91.5166387039,0.60811403372,270.000075506
2024/09/30/21:04:41.324284,2001,150.023293456,90.9085350796,0.60811403372,270.000075506
2024/09/30/21:04:41.423675,2001,150.023294259,90.3004323814,0.60811403372,270.000075506
2024/09/30/21:04:41.524370,2001,150.023295061,89.6923306095,0.60811403372,270.000075506
2024/09/30/21:04:41.623203,2001,150.023295864,89.0842297638,0.60811403372,270.000075506
2024/09/30/21:04:41.724694,2001,150.023296666,88.4761298442,0.60811403372,270.000075506
2024/09/30/21:04:41.821842,2001,150.023297469,87.8680308508,0.60811403372,270.000075506
2024/09/30/21:04:41.923426,2001,150.023298271,87.2599327836,0.60811403372,270.000075506
2024/09/30/21:04:42.023146,2001,150.023299074,86.6518356426,0.60811403372,270.000075506
2024/09/30/21:04:42.124548,2001,150.023299876,86.0437394277,0.60811403372,270.000075506
2024/09/30/21:04:42.224221,2001,150.023300679,85.4356441391,0.60811403372,270.000075506
2024/09/30/21:04:42.323716,2001,150.023301481,84.8275497765,0.60811403372,270.000075506
2024/09/30/21:04:42.423351,2001,150.023302284,84.2194563402,0.60811403372,270.000075506
2024/09/30/21:04:42.524921,2001,150.023303086,83.6113638301,0.60811403372,270.000075506
2024/09/30/21:04:42.623988,2001,150.023303889,83.0032722461,0.60811403372,270.000075506
2024/09/30/21:04:42.722689,2001,150.023304691,82.3951815882,0.60811403372,270.000075506
2024/09/30/21:04:42.822167,2001,150.023305494,81.7870918566,0.60811403372,270.000075506
2024/09/30/21:04:42.923601,2001,150.023306296,81.1790030511,0.60811403372,270.000075506
2024/09/30/21:04:43.023300,2001,150.023307099,80.5709151718,0.60811403372,270.000075506
2024/09/30/21:04:43.121943,2001,150.023307901,79.9628282186,0.60811403372,270.000075506
2024/09/30/21:04:43.222798,2001,150.023308704,79.3547421916,0.60811403372,270.000075506
2024/09/30/21:04:43.321655,2001,150.023309506,78.7466570907,0.60811403372,270.000075506
2024/09/30/21:04:43.422832,2001,150.023310309,78.138572916,0.60811403372,270.000075506
2024/09/30/21:04:43.523152,2001,150.023311111,77.5304896675,0.60811403372,270.000075506
2024/09/30/21:04:43.620085,2001,150.023311914,76.9224073451,0.60811403372,270.000075506
2024/09/30/21:04:43.724858,2001,150.023312716,76.3143259489,0.60811403372,270.000075506
2024/09/30/21:04:43.823058,2001,150.023313519,75.7062454788,0.60811403372,270.000075506
2024/09/30/21:04:43.923810,2001,150.023314321,75.0981659349,0.60811403372,270.000075506
2024/09/30/21:04:44.025051,2001,150.023315124,74.4900873171,0.60811403372,270.000075506
2024/09/30/21:04:44.126371,2001,150.023315926,73.8820096254,0.60811403372,270.000075506
2024/09/30/21:04:44.223213,2001,150.023316728,73.2739328599,0.60811403372,270.000075506
2024/09/30/21:04:44.323746,2001,150.023317531,72.6658570206,0.60811403372,270.000075506
2024/09/30/21:04:44.422907,2001,150.023318333,72.0577821074,0.60811403372,270.000075506
2024/09/30/21:04:44.523693,2001,150.023319136,71.4497081204,0.60811403372,270.000075506
2024/09/30/21:04:44.623957,2001,150.023319938,70.8416350594,0.60811403372,270.000075506
2024/09/30/21:04:44.724791,2001,150.023320741,70.2335629247,0.60811403372,270.000075506
2024/09/30/21:04:44.823627,2001,150.023321543,69.625491716,0.60811403372,270.000075506
2024/09/30/21:04:44.923486,2001,150.023322346,69.0174214336,0.60811403372,270.000075506
2024/09/30/21:04:45.022852,2001,150.023323148,68.4093520772,0.60811403372,270.000075506
2024/09/30/21:04:45.123532,2001,150.023323951,67.801283647,0.60811403372,270.000075506
2024/09/30/21:04:45.224147,2001,150.018826109,67.1596565807,0.608654733594,269.995699067
2024/09/30/21:04:45.324083,2001,150.018780421,66.5510104305,0.608654733594,269.995699067
2024/09/30/21:04:45.423738,2001,150.018734733,65.9423652073,0.608654733594,269.995699067
2024/09/30/21:04:45.524452,2001,150.018689045,65.3337209112,0.608654733594,269.995699067
2024/09/30/21:04:45.622924,2001,150.018643356,64.7250775421,0.608654733594,269.995699067
2024/09/30/21:04:45.724714,2001,150.018597668,64.1164351,0.608654733594,269.995699067
2024/09/30/21:04:45.823322,2001,150.01855198,63.5077935848,0.608654733594,269.995699067
2024/09/30/21:04:45.923110,2001,150.018506293,62.8991529967,0.608654733594,269.995699067
2024/09/30/21:04:46.023199,2001,150.018460605,62.2905133356,0.608654733594,269.995699067
2024/09/30/21:04:46.124181,2001,150.018414917,61.6818746016,0.608654733594,269.995699067
2024/09/30/21:04:46.223726,2001,150.018369229,61.0732367945,0.608654733594,269.995699067
2024/09/30/21:04:46.323197,2001,150.018323542,60.4645999144,0.608654733594,269.995699067
2024/09/30/21:04:46.423217,2001,150.018277854,59.8559639613,0.608654733594,269.995699067
2024/09/30/21:04:46.524825,2001,150.018232167,59.2473289352,0.608654733594,269.995699067
2024/09/30/21:04:46.624158,2001,150.018186479,58.6386948361,0.608654733594,269.995699067
2024/09/30/21:04:46.722897,2001,150.018140792,58.030061664,0.608654733594,269.995699067
2024/09/30/21:04:46.824546,2001,150.018095105,57.4214294189,0.608654733594,269.995699067
2024/09/30/21:04:46.919526,2001,150.018049418,56.8127981007,0.608654733594,269.995699067
2024/09/30/21:04:47.023327,2001,150.018003731,56.2041677096,0.608654733594,269.995699067
2024/09/30/21:04:47.120546,2001,150.017958044,55.5955382454,0.608654733594,269.995699067
2024/09/30/21:04:47.224061,2001,150.017912357,54.9869097083,0.608654733594,269.995699067
2024/09/30/21:04:47.322708,2001,150.01786667,54.3782820981,0.608654733594,269.995699067
2024/09/30/21:04:47.424985,2001,150.017820983,53.7696554149,0.608654733594,269.995699067
2024/09/30/21:04:47.519300,2001,150.017775296,53.1610296587,0.608654733594,269.995699067
2024/09/30/21:04:47.623858,2001,150.017729609,52.5524048295,0.608654733594,269.995699067
2024/09/30/21:04:47.722298,2001,150.017683923,51.9437809272,0.608654733594,269.995699067
2024/09/30/21:04:47.823245,2001,150.017638236,51.3351579519,0.608654733594,269.995699067
2024/09/30/21:04:47.921639,2001,150.01759255,50.7265359036,0.608654733594,269.995699067
2024/09/30/21:04:48.023448,2001,150.017546863,50.1179147823,0.608654733594,269.995699067
2024/09/30/21:04:48.121780,2001,150.017501177,49.509294588,0.608654733594,269.995699067
2024/09/30/21:04:48.223935,2001,150.017455491,48.9006753206,0.608654733594,269.995699067
2024/09/30/21:04:48.321836,2001,150.017409805,48.2920569802,0.608654733594,269.995699067
2024/09/30/21:04:48.423066,2001,150.017364119,47.6834395667,0.608654733594,269.995699067
2024/09/30/21:04:48.521387,2001,150.017318432,47.0748230803,0.608654733594,269.995699067
2024/09/30/21:04:48.622903,2001,150.017272746,46.4662075208,0.608654733594,269.995699067
2024/09/30/21:04:48.720568,2001,150.017227061,45.8575928882,0.608654733594,269.995699067
2024/09/30/21:04:48.824071,2001,150.017181375,45.2489791827,0.608654733594,269.995699067
2024/09/30/21:04:48.920429,2001,150.017135689,44.6403664041,0.608654733594,269.995699067
2024/09/30/21:04:49.022957,2001,150.017090003,44.0317545524,0.608654733594,269.995699067
2024/09/30/21:04:49.120385,2001,150.017044318,43.4231436277,0.608654733594,269.995699067
2024/09/30/21:04:49.222004,2001,150.016998632,42.81453363,0.608654733594,269.995699067
2024/09/30/21:04:49.319356,2001,150.016952947,42.2059245593,0.608654733594,269.995699067
2024/09/30/21:04:49.421841,2001,150.016907261,41.5973164155,0.608654733594,269.995699067
2024/09/30/21:04:49.520262,2001,150.016861576,40.9887091987,0.608654733594,269.995699067
2024/09/30/21:04:49.623415,2001,150.016815891,40.3801029088,0.608654733594,269.995699067
2024/09/30/21:04:49.719704,2001,150.016770205,39.7714975459,0.608654733594,269.995699067
2024/09/30/21:04:49.822308,2001,150.01672452,39.1628931099,0.608654733594,269.995699067
2024/09/30/21:04:49.919108,2001,150.016678835,38.5542896009,0.608654733594,269.995699067
2024/09/30/21:04:50.023455,2001,150.01663315,37.9456870189,0.608654733594,269.995699067
2024/09/30/21:04:50.119482,2001,150.016587465,37.3370853638,0.608654733594,269.995699067
2024/09/30/21:04:50.219357,2001,150.015643651,36.7164439101,0.608516932342,269.995073563
2024/09/30/21:04:50.319052,2001,150.01559133,36.1079357234,0.608516932342,269.995073563
2024/09/30/21:04:50.421857,2001,150.015539009,35.4994284636,0.608516932342,269.995073563
2024/09/30/21:04:50.519112,2001,150.015486688,34.8909221305,0.608516932342,269.995073563
2024/09/30/21:04:50.621704,2001,150.015434368,34.2824167243,0.608516932342,269.995073563
2024/09/30/21:04:50.719606,2001,150.015382047,33.6739122448,0.608516932342,269.995073563
2024/09/30/21:04:50.823989,2001,150.015329726,33.0654086922,0.608516932342,269.995073563
2024/09/30/21:04:50.919162,2001,150.015277406,32.4569060663,0.608516932342,269.995073563
2024/09/30/21:04:51.024390,2001,150.015225085,31.8484043673,0.608516932342,269.995073563
2024/09/30/21:04:51.119375,2001,150.015172765,31.239903595,0.608516932342,269.995073563
2024/09/30/21:04:51.221715,2001,150.015120444,30.6314037496,0.608516932342,269.995073563
2024/09/30/21:04:51.319443,2001,150.015068124,30.0229048309,0.608516932342,269.995073563
2024/09/30/21:04:51.423825,2001,150.015015804,29.414406839,0.608516932342,269.995073563
2024/09/30/21:04:51.520481,2001,150.014963484,28.8059097739,0.608516932342,269.995073563
2024/09/30/21:04:51.622255,2001,150.014911164,28.1974136356,0.608516932342,269.995073563
2024/09/30/21:04:51.720233,2001,150.014858844,27.588918424,0.608516932342,269.995073563
2024/09/30/21:04:51.823802,2001,150.014806524,26.9804241393,0.608516932342,269.995073563
2024/09/30/21:04:51.919491,2001,150.014754204,26.3719307813,0.608516932342,269.995073563
2024/09/30/21:04:52.023889,2001,150.01460456,25.7564622314,0.609134152903,269.995018713
2024/09/30/21:04:52.119486,2001,150.014551602,25.1473357123,0.609134152903,269.995018713
2024/09/30/21:04:52.223311,2001,150.014498645,24.5382101209,0.609134152903,269.995018713
2024/09/30/21:04:52.319651,2001,150.014445688,23.9290854573,0.609134152903,269.995018713
2024/09/30/21:04:52.423472,2001,150.014392731,23.3199617214,0.609134152903,269.995018713
2024/09/30/21:04:52.519474,2001,150.014339774,22.7108389132,0.609134152903,269.995018713
2024/09/30/21:04:52.624276,2001,150.014286817,22.1017170328,0.609134152903,269.995018713
2024/09/30/21:04:52.719575,2001,150.01423386,21.4925960801,0.609134152903,269.995018713
2024/09/30/21:04:52.820948,2001,150.014180903,20.8834760552,0.609134152903,269.995018713
2024/09/30/21:04:52.921204,2001,150.014127946,20.274356958,0.609134152903,269.995018713
2024/09/30/21:04:53.023685,2001,150.01407499,19.6652387885,0.609134152903,269.995018713
2024/09/30/21:04:53.120352,2001,150.014022033,19.0561215468,0.609134152903,269.995018713
2024/09/30/21:04:53.223667,2001,150.013969077,18.4470052328,0.609134152903,269.995018713
2024/09/30/21:04:53.320910,2001,150.01391612,17.8378898465,0.609134152903,269.995018713
2024/09/30/21:04:53.424319,2001,150.013863164,17.228775388,0.609134152903,269.995018713
2024/09/30/21:04:53.522619,2001,150.013810208,16.6196618572,0.609134152903,269.995018713
2024/09/30/21:04:53.621844,2001,150.013757251,16.0105492541,0.609134152903,269.995018713
2024/09/30/21:04:53.722873,2001,150.013704295,15.4014375787,0.609134152903,269.995018713
2024/09/30/21:04:53.826171,2001,150.013651339,14.792326831,0.609134152903,269.995018713
2024/09/30/21:04:53.922262,2001,150.013598383,14.1832170111,0.609134152903,269.995018713
2024/09/30/21:04:54.024095,2001,150.013545428,13.5741081189,0.609134152903,269.995018713
2024/09/30/21:04:54.120326,2001,150.013492472,12.9650001544,0.609134152903,269.995018713
2024/09/30/21:04:54.223829,2001,150.013439516,12.3558931176,0.609134152903,269.995018713
2024/09/30/21:04:54.322317,2001,150.013386561,11.7467870085,0.609134152903,269.995018713
2024/09/30/21:04:54.424164,2001,150.013333605,11.1376818271,0.609134152903,269.995018713
2024/09/30/21:04:54.522262,2001,150.01328065,10.5285775735,0.609134152903,269.995018713
2024/09/30/21:04:54.626679,2001,150.013227694,9.91947424754,0.609134152903,269.995018713
2024/09/30/21:04:54.724085,2001,150.013174739,9.31037184931,0.609134152903,269.995018713
2024/09/30/21:04:54.826059,2001,150.013121784,8.70127037878,0.609134152903,269.995018713
2024/09/30/21:04:54.920943,2001,150.013068829,8.09216983595,0.609134152903,269.995018713
2024/09/30/21:04:55.023693,2001,150.013015874,7.48307022083,0.609134152903,269.995018713
2024/09/30/21:04:55.119520,2001,150.012962919,6.87397153342,0.609134152903,269.995018713
2024/09/30/21:04:55.225024,2001,150.012879108,6.2722087945,0.609112965433,269.995004775
2024/09/30/21:04:55.323591,2001,150.012826004,5.66310409848,0.609112965433,269.995004775
2024/09/30/21:04:55.423162,2001,150.012772901,5.05400033016,0.609112965433,269.995004775
2024/09/30/21:04:55.523973,2001,150.012719797,4.44489748956,0.609112965433,269.995004775
2024/09/30/21:04:55.623163,2001,150.012666694,3.83579557668,0.609112965433,269.995004775
2024/09/30/21:04:55.721938,2001,150.01261359,3.2266945915,0.609112965433,269.995004775
2024/09/30/21:04:55.823111,2001,150.012560487,2.61759453402,0.609112965433,269.995004775
2024/09/30/21:04:55.922104,2001,150.012507384,2.00849540426,0.609112965433,269.995004775
2024/09/30/21:04:56.023871,2001,150.012454281,1.39939720219,0.609112965433,269.995004775
2024/09/30/21:04:56.120424,2001,150.012401178,0.790299927833,0.609112965433,269.995004775
2024/09/30/21:04:56.223039,2001,150.012343384,0.18242308985,0.609193368908,269.99500331
2024/09/30/21:04:56.323542,2001,150.012290257,-0.426763407893,0.609193368908,269.99500331
2024/09/30/21:04:56.423435,2001,150.012237131,-1.0359489778,0.609193368908,269.99500331
2024/09/30/21:04:56.524080,2001,150.012184005,-1.64513361986,0.609193368908,269.99500331
2024/09/30/21:04:56.622488,2001,150.012130879,-2.25431733409,0.609193368908,269.99500331
2024/09/30/21:04:56.721517,2001,150.012077753,-2.86350012049,0.609193368908,269.99500331
2024/09/30/21:04:56.822167,2001,150.012024627,-3.47268197905,0.609193368908,269.99500331
2024/09/30/21:04:56.920113,2001,150.011971501,-4.08186290978,0.609193368908,269.99500331
2024/09/30/21:04:57.022285,2001,150.011918375,-4.69104291269,0.609193368908,269.99500331
2024/09/30/21:04:57.119956,2001,150.011865249,-5.30022198776,0.609193368908,269.99500331
2024/09/30/21:04:57.222192,2001,150.011812124,-5.90940013502,0.609193368908,269.99500331
2024/09/30/21:04:57.320195,2001,150.011758998,-6.51857735444,0.609193368908,269.99500331
2024/09/30/21:04:57.422554,2001,150.011705873,-7.12775364605,0.609193368908,269.99500331
2024/09/30/21:04:57.521449,2001,150.011652747,-7.73692900984,0.609193368908,269.99500331
2024/09/30/21:04:57.622144,2001,150.011599622,-8.3461034458,0.609193368908,269.99500331
2024/09/30/21:04:57.722364,2001,150.011546497,-8.95527695395,0.609193368908,269.99500331
2024/09/30/21:04:57.823261,2001,150.011493372,-9.56444953429,0.609193368908,269.99500331
2024/09/30/21:04:57.922436,2001,150.011440247,-10.1736211868,0.609193368908,269.99500331
2024/09/30/21:04:58.023925,2001,150.011387122,-10.7827919115,0.609193368908,269.99500331
2024/09/30/21:04:58.122687,2001,150.011333997,-11.3919617084,0.609193368908,269.99500331
2024/09/30/21:04:58.220237,2001,150.011280872,-12.0011305775,0.609193368908,269.99500331
2024/09/30/21:04:58.322062,2001,150.011227747,-12.6102985188,0.609193368908,269.99500331
2024/09/30/21:04:58.422060,2001,150.011174623,-13.2194655323,0.609193368908,269.99500331
2024/09/30/21:04:58.523880,2001,150.011121498,-13.8286316179,0.609193368908,269.99500331
2024/09/30/21:04:58.623119,2001,150.011068374,-14.4377967758,0.609193368908,269.99500331
2024/09/30/21:04:58.724097,2001,150.011015249,-15.0469610059,0.609193368908,269.99500331
2024/09/30/21:04:58.823998,2001,150.010962125,-15.6561243081,0.609193368908,269.99500331
2024/09/30/21:04:58.922879,2001,150.010909001,-16.2652866826,0.609193368908,269.99500331
2024/09/30/21:04:59.018641,2001,150.010855876,-16.8744481293,0.609193368908,269.99500331
2024/09/30/21:04:59.122604,2001,150.010802752,-17.4836086481,0.609193368908,269.99500331
2024/09/30/21:04:59.223148,2001,150.010749628,-18.0927682392,0.609193368908,269.99500331
2024/09/30/21:04:59.322484,2001,150.010696504,-18.7019269025,0.609193368908,269.99500331
2024/09/30/21:04:59.422626,2001,150.010643381,-19.311084638,0.609193368908,269.99500331
2024/09/30/21:04:59.522751,2001,150.010590257,-19.9202414457,0.609193368908,269.99500331
2024/09/30/21:04:59.623862,2001,150.010537133,-20.5293973256,0.609193368908,269.99500331
2024/09/30/21:04:59.718486,2001,150.010484009,-21.1385522777,0.609193368908,269.99500331
2024/09/30/21:04:59.818608,2001,150.010430886,-21.7477063021,0.609193368908,269.99500331
2024/09/30/21:04:59.922770,2001,150.010377763,-22.3568593986,0.609193368908,269.99500331
2024/09/30/21:05:00.020139,2001,150.010324639,-22.9660115674,0.609193368908,269.99500331
2024/09/30/21:05:00.124604,2001,150.010271516,-23.5751628083,0.609193368908,269.99500331
2024/09/30/21:05:00.222356,2001,150.010218393,-24.1843131215,0.609193368908,269.99500331
2024/09/30/21:05:00.318885,2001,150.010163924,-24.7817555499,0.609015061824,269.995002747
2024/09/30/21:05:00.421511,2001,150.010110808,-25.3907620927,0.609015061824,269.995002747
2024/09/30/21:05:00.519258,2001,150.010057534,-25.9988951114,0.608570243101,269.995002741
2024/09/30/21:05:00.618917,2001,150.010004456,-26.6074597526,0.608570243101,269.995002741
2024/09/30/21:05:00.722347,2001,150.009951378,-27.216023467,0.608570243101,269.995002741
2024/09/30/21:05:00.822972,2001,150.0098983,-27.8245862544,0.608570243101,269.995002741
2024/09/30/21:05:00.922695,2001,150.009845222,-28.433148115,0.608570243101,269.995002741
2024/09/30/21:05:01.022613,2001,150.009792144,-29.0417090487,0.608570243101,269.995002741
2024/09/30/21:05:01.121851,2001,150.009739066,-29.6502690555,0.608570243101,269.995002741
2024/09/30/21:05:01.221473,2001,150.009685989,-30.2588281354,0.608570243101,269.995002741
2024/09/30/21:05:01.322801,2001,150.009632911,-30.8673862884,0.608570243101,269.995002741
2024/09/30/21:05:01.423323,2001,150.009579833,-31.4759435146,0.608570243101,269.995002741
2024/09/30/21:05:01.521962,2001,150.009526756,-32.0844998138,0.608570243101,269.995002741
2024/09/30/21:05:01.623439,2001,150.009473679,-32.6930551862,0.608570243101,269.995002741
2024/09/30/21:05:01.722312,2001,150.009420601,-33.3016096318,0.608570243101,269.995002741
2024/09/30/21:05:01.822908,2001,150.009367524,-33.9101631504,0.608570243101,269.995002741
2024/09/30/21:05:01.922708,2001,150.009314447,-34.5187157422,0.608570243101,269.995002741
2024/09/30/21:05:02.022586,2001,150.00926137,-35.1272674071,0.608570243101,269.995002741
2024/09/30/21:05:02.123582,2001,150.009208293,-35.7358181451,0.608570243101,269.995002741
2024/09/30/21:05:02.222660,2001,150.009155216,-36.3443679563,0.608570243101,269.995002741
2024/09/30/21:05:02.323490,2001,150.009102139,-36.9529168406,0.608570243101,269.995002741
2024/09/30/21:05:02.423909,2001,150.009049063,-37.561464798,0.608570243101,269.995002741
2024/09/30/21:05:02.522823,2001,150.008995986,-38.1700118286,0.608570243101,269.995002741
2024/09/30/21:05:02.623990,2001,150.008942909,-38.7785579323,0.608570243101,269.995002741
2024/09/30/21:05:02.722116,2001,150.008889833,-39.3871031092,0.608570243101,269.995002741
2024/09/30/21:05:02.822957,2001,150.008836757,-39.9956473592,0.608570243101,269.995002741
2024/09/30/21:05:02.922703,2001,150.00878368,-40.6041906823,0.608570243101,269.995002741
2024/09/30/21:05:03.021628,2001,150.008730604,-41.2127330786,0.608570243101,269.995002741
2024/09/30/21:05:03.122155,2001,150.008677528,-41.821274548,0.608570243101,269.995002741
2024/09/30/21:05:03.223206,2001,150.008624452,-42.4298150906,0.608570243101,269.995002741
2024/09/30/21:05:03.323336,2001,150.008571376,-43.0383547063,0.608570243101,269.995002741
2024/09/30/21:05:03.424195,2001,150.0085183,-43.6468933952,0.608570243101,269.995002741
2024/09/30/21:05:03.523159,2001,150.008465224,-44.2554311573,0.608570243101,269.995002741
2024/09/30/21:05:03.622846,2001,150.008412148,-44.8639679924,0.608570243101,269.995002741
2024/09/30/21:05:03.723320,2001,150.008359073,-45.4725039008,0.608570243101,269.995002741
2024/09/30/21:05:03.823332,2001,150.008305997,-46.0810388823,0.608570243101,269.995002741
2024/09/30/21:05:03.920756,2001,150.008252922,-46.6895729369,0.608570243101,269.995002741
2024/09/30/21:05:04.023561,2001,150.008199846,-47.2981060648,0.608570243101,269.995002741
2024/09/30/21:05:04.122868,2001,150.008146771,-47.9066382657,0.608570243101,269.995002741
2024/09/30/21:05:04.218539,2001,150.008093696,-48.5151695399,0.608570243101,269.995002741
2024/09/30/21:05:04.319963,2001,150.00804062,-49.1236998872,0.608570243101,269.995002741
2024/09/30/21:05:04.422067,2001,150.007987545,-49.7322293076,0.608570243101,269.995002741
2024/09/30/21:05:04.523824,2001,150.00793447,-50.3407578012,0.608570243101,269.995002741
2024/09/30/21:05:04.622835,2001,150.007881395,-50.949285368,0.608570243101,269.995002741
2024/09/30/21:05:04.723359,2001,150.007828321,-51.557812008,0.608570243101,269.995002741
2024/09/30/21:05:04.820225,2001,150.007775246,-52.1663377211,0.608570243101,269.995002741
2024/09/30/21:05:04.922589,2001,150.007722171,-52.7748625074,0.608570243101,269.995002741
2024/09/30/21:05:05.021571,2001,150.007669097,-53.3833863668,0.608570243101,269.995002741
2024/09/30/21:05:05.121801,2001,150.007616022,-53.9919092994,0.608570243101,269.995002741
2024/09/30/21:05:05.222027,2001,150.007562948,-54.6004313052,0.608570243101,269.995002741
2024/09/30/21:05:05.324334,2001,150.007509873,-55.2089523842,0.608570243101,269.995002741
2024/09/30/21:05:05.423696,2001,150.007455205,-55.8335749296,0.608521263247,269.995002737
2024/09/30/21:05:05.525327,2001,150.007402132,-56.4420875275,0.608521263247,269.995002737
2024/09/30/21:05:05.622849,2001,150.007349058,-57.0505991987,0.608521263247,269.995002737
2024/09/30/21:05:05.721427,2001,150.007295985,-57.659109943,0.608521263247,269.995002737
2024/09/30/21:05:05.824939,2001,150.007242911,-58.2676197605,0.608521263247,269.995002737
2024/09/30/21:05:05.920548,2001,150.007189838,-58.8761286512,0.608521263247,269.995002737
2024/09/30/21:05:06.023404,2001,150.007136764,-59.4846366152,0.608521263247,269.995002737
2024/09/30/21:05:06.123246,2001,150.007083691,-60.0931436523,0.608521263247,269.995002737
2024/09/30/21:05:06.223429,2001,150.007030618,-60.7016497626,0.608521263247,269.995002737
2024/09/30/21:05:06.323925,2001,150.006977545,-61.3101549461,0.608521263247,269.995002737
2024/09/30/21:05:06.419662,2001,150.006924472,-61.9186592028,0.608521263247,269.995002737
2024/09/30/21:05:06.524972,2001,150.006871399,-62.5271625327,0.608521263247,269.995002737
2024/09/30/21:05:06.624142,2001,150.006818327,-63.1356649358,0.608521263247,269.995002737
2024/09/30/21:05:06.724589,2001,150.006765254,-63.7441664121,0.608521263247,269.995002737
2024/09/30/21:05:06.819272,2001,150.006712181,-64.3526669617,0.608521263247,269.995002737
2024/09/30/21:05:06.924100,2001,150.006659109,-64.9611665844,0.608521263247,269.995002737
2024/09/30/21:05:07.022619,2001,150.006606036,-65.5696652804,0.608521263247,269.995002737
2024/09/30/21:05:07.122811,2001,150.006552964,-66.1781630495,0.608521263247,269.995002737
2024/09/30/21:05:07.218465,2001,150.006499267,-66.7935599914,0.609133881485,269.995002743
2024/09/30/21:05:07.325219,2001,150.00644614,-67.4026862451,0.609133881485,269.995002743
2024/09/30/21:05:07.424234,2001,150.006393012,-68.011811571,0.609133881485,269.995002743
2024/09/30/21:05:07.521725,2001,150.006339886,-68.6209359692,0.609133881485,269.995002743
2024/09/30/21:05:07.622140,2001,150.006286759,-69.2300594396,0.609133881485,269.995002743
2024/09/30/21:05:07.722378,2001,150.006233632,-69.8391819823,0.609133881485,269.995002743
2024/09/30/21:05:07.822332,2001,150.006201545,-70.4466490969,0.608596086472,269.99556842
2024/09/30/21:05:07.921645,2001,150.006160223,-71.0554111133,0.608681153271,269.996025473
2024/09/30/21:05:08.021930,2001,150.006118,-71.6640876246,0.608681153271,269.996025473
2024/09/30/21:05:08.122131,2001,150.006075777,-72.2727632089,0.608681153271,269.996025473
2024/09/30/21:05:08.219056,2001,150.006033554,-72.8814378661,0.608681153271,269.996025473
2024/09/30/21:05:08.322757,2001,150.005991331,-73.4901115962,0.608681153271,269.996025473
2024/09/30/21:05:08.419140,2001,150.005949108,-74.0987843993,0.608681153271,269.996025473
2024/09/30/21:05:08.522229,2001,150.005906885,-74.7074562753,0.608681153271,269.996025473
2024/09/30/21:05:08.620544,2001,150.005864663,-75.3161272243,0.608681153271,269.996025473
2024/09/30/21:05:08.722520,2001,150.00582244,-75.9247972462,0.608681153271,269.996025473
2024/09/30/21:05:08.819082,2001,150.005780218,-76.533466341,0.608681153271,269.996025473
2024/09/30/21:05:08.922732,2001,150.005737995,-77.1421345089,0.608681153271,269.996025473
2024/09/30/21:05:09.021158,2001,150.005695773,-77.7508017496,0.608681153271,269.996025473
2024/09/30/21:05:09.124088,2001,150.005653551,-78.3594680633,0.608681153271,269.996025473
2024/09/30/21:05:09.220299,2001,150.005611328,-78.96813345,0.608681153271,269.996025473
2024/09/30/21:05:09.322999,2001,150.005569106,-79.5767979096,0.608681153271,269.996025473
2024/09/30/21:05:09.420897,2001,150.005526884,-80.1854614422,0.608681153271,269.996025473
2024/09/30/21:05:09.522956,2001,150.005484662,-80.7941240478,0.608681153271,269.996025473
2024/09/30/21:05:09.620657,2001,150.00544244,-81.4027857263,0.608681153271,269.996025473
2024/09/30/21:05:09.723777,2001,150.005400218,-82.0114464778,0.608681153271,269.996025473
2024/09/30/21:05:09.820218,2001,150.005357996,-82.6201063022,0.608681153271,269.996025473
2024/09/30/21:05:09.923582,2001,150.005315774,-83.2287651996,0.608681153271,269.996025473
2024/09/30/21:05:10.020030,2001,150.005273553,-83.83742317,0.608681153271,269.996025473
2024/09/30/21:05:10.123720,2001,150.005231331,-84.4460802134,0.608681153271,269.996025473
2024/09/30/21:05:10.219675,2001,150.005189109,-85.0547363297,0.608681153271,269.996025473
2024/09/30/21:05:10.323097,2001,150.005146888,-85.663391519,0.608681153271,269.996025473
2024/09/30/21:05:10.420038,2001,150.005020258,-86.2777911498,0.609132100427,269.994780895
2024/09/30/21:05:10.523150,2001,150.00497989,-86.887087046,0.609262889234,269.994636
2024/09/30/21:05:10.619169,2001,150.004936055,-87.4963782579,0.609277772383,269.994741961
2024/09/30/21:05:10.722278,2001,150.004890082,-88.1054563327,0.609129798803,269.994893804
2024/09/30/21:05:10.819538,2001,150.004835797,-88.7145822902,0.609129798803,269.994893804
2024/09/30/21:05:10.923091,2001,150.004781512,-89.3237073199,0.609129798803,269.994893804
2024/09/30/21:05:11.018912,2001,150.004727227,-89.9328314218,0.609129798803,269.994893804
2024/09/30/21:05:11.123570,2001,150.004672942,-90.541954596,0.609129798803,269.994893804
2024/09/30/21:05:11.219204,2001,150.004618657,-91.1510768425,0.609129798803,269.994893804
2024/09/30/21:05:11.323808,2001,150.004564372,-91.7601981612,0.609129798803,269.994893804
2024/09/30/21:05:11.418904,2001,150.004510087,-92.3693185522,0.609129798803,269.994893804
2024/09/30/21:05:11.523306,2001,150.004455802,-92.9784380155,0.609129798803,269.994893804
2024/09/30/21:05:11.618858,2001,150.004401518,-93.587556551,0.609129798803,269.994893804
2024/09/30/21:05:11.722826,2001,150.004347233,-94.1966741588,0.609129798803,269.994893804
2024/09/30/21:05:11.818686,2001,150.004292949,-94.8057908388,0.609129798803,269.994893804
2024/09/30/21:05:11.920325,2001,150.004238664,-95.4149065912,0.609129798803,269.994893804
2024/09/30/21:05:12.018898,2001,150.00418438,-96.0240214157,0.609129798803,269.994893804
2024/09/30/21:05:12.123707,2001,150.004130096,-96.6331353126,0.609129798803,269.994893804
2024/09/30/21:05:12.217982,2001,150.004075812,-97.2422482817,0.609129798803,269.994893804
2024/09/30/21:05:12.322936,2001,150.004021528,-97.8513603232,0.609129798803,269.994893804
2024/09/30/21:05:12.419044,2001,150.003967244,-98.4604714368,0.609129798803,269.994893804
2024/09/30/21:05:12.522972,2001,150.00391296,-99.0695816228,0.609129798803,269.994893804
2024/09/30/21:05:12.618835,2001,150.003858676,-99.6786908811,0.609129798803,269.994893804
2024/09/30/21:05:12.723377,2001,150.003804393,-100.287799212,0.609129798803,269.994893804
2024/09/30/21:05:12.819183,2001,150.003814451,-100.891013151,0.60908368097,269.995672203
2024/09/30/21:05:12.922544,2001,150.003773953,-101.500270218,0.609243821118,269.996134228
2024/09/30/21:05:13.020383,2001,150.003732847,-102.109508974,0.609243821118,269.996134228
2024/09/30/21:05:13.122159,2001,150.003691741,-102.718746803,0.609243821118,269.996134228
2024/09/30/21:05:13.220307,2001,150.003650636,-103.327983704,0.609243821118,269.996134228
2024/09/30/21:05:13.322975,2001,150.00360953,-103.937219678,0.609243821118,269.996134228
2024/09/30/21:05:13.420318,2001,150.003568425,-104.546454723,0.609243821118,269.996134228
2024/09/30/21:05:13.523088,2001,150.00352732,-105.15568884,0.609243821118,269.996134228
2024/09/30/21:05:13.620003,2001,150.003486214,-105.764922029,0.609243821118,269.996134228
2024/09/30/21:05:13.722909,2001,150.003445109,-106.374154291,0.609243821118,269.996134228
2024/09/30/21:05:13.820653,2001,150.003404004,-106.983385625,0.609243821118,269.996134228
2024/09/30/21:05:13.922750,2001,150.003362899,-107.59261603,0.609243821118,269.996134228
2024/09/30/21:05:14.020365,2001,150.003321794,-108.201845508,0.609243821118,269.996134228
2024/09/30/21:05:14.122964,2001,150.003280689,-108.811074058,0.609243821118,269.996134228
2024/09/30/21:05:14.221728,2001,150.003239584,-109.42030168,0.609243821118,269.996134228
2024/09/30/21:05:14.323218,2001,150.00319848,-110.029528374,0.609243821118,269.996134228
2024/09/30/21:05:14.420299,2001,150.003157375,-110.63875414,0.609243821118,269.996134228
2024/09/30/21:05:14.523715,2001,150.00311627,-111.247978978,0.609243821118,269.996134228
2024/09/30/21:05:14.622594,2001,150.003075165,-111.857202889,0.609243821118,269.996134228
2024/09/30/21:05:14.722220,2001,150.003034061,-112.466425871,0.609243821118,269.996134228
2024/09/30/21:05:14.821496,2001,150.002992956,-113.075647926,0.609243821118,269.996134228
2024/09/30/21:05:14.921742,2001,150.002951852,-113.684869052,0.609243821118,269.996134228
2024/09/30/21:05:15.022678,2001,150.002910748,-114.294089251,0.609243821118,269.996134228
2024/09/30/21:05:15.123667,2001,150.002869643,-114.903308522,0.609243821118,269.996134228
2024/09/30/21:05:15.223064,2001,150.002828539,-115.512526865,0.609243821118,269.996134228
2024/09/30/21:05:15.322536,2001,150.002787435,-116.12174428,0.609243821118,269.996134228
2024/09/30/21:05:15.421795,2001,150.002746331,-116.730960768,0.609243821118,269.996134228
2024/09/30/21:05:15.523503,2001,150.002595205,-117.331795966,0.609003708695,269.99523093
2024/09/30/21:05:15.618431,2001,150.002550432,-117.940447851,0.608745665093,269.995228387
2024/09/30/21:05:15.721343,2001,150.002499736,-118.549188332,0.608745665093,269.995228387
2024/09/30/21:05:15.824213,2001,150.00244904,-119.157927886,0.608745665093,269.995228387
2024/09/30/21:05:15.923961,2001,150.002398344,-119.766666513,0.608745665093,269.995228387
2024/09/30/21:05:16.021792,2001,150.002347648,-120.375404212,0.608745665093,269.995228387
2024/09/30/21:05:16.123990,2001,150.002296952,-120.984140984,0.608745665093,269.995228387
2024/09/30/21:05:16.224184,2001,150.002246257,-121.59287683,0.608745665093,269.995228387
2024/09/30/21:05:16.323502,2001,150.002195561,-122.201611748,0.608745665093,269.995228387
2024/09/30/21:05:16.420645,2001,150.002144865,-122.810345738,0.608745665093,269.995228387
2024/09/30/21:05:16.523603,2001,150.00209417,-123.419078802,0.608745665093,269.995228387
2024/09/30/21:05:16.621401,2001,150.002043475,-124.027810939,0.608745665093,269.995228387
2024/09/30/21:05:16.724562,2001,150.001992779,-124.636542148,0.608745665093,269.995228387
2024/09/30/21:05:16.822906,2001,150.001942084,-125.24527243,0.608745665093,269.995228387
2024/09/30/21:05:16.923749,2001,150.001891389,-125.854001785,0.608745665093,269.995228387
2024/09/30/21:05:17.023466,2001,150.001840694,-126.462730213,0.608745665093,269.995228387
2024/09/30/21:05:17.122247,2001,150.001789999,-127.071457714,0.608745665093,269.995228387
2024/09/30/21:05:17.218585,2001,150.001739304,-127.680184288,0.608745665093,269.995228387
2024/09/30/21:05:17.323350,2001,150.001688609,-128.288909934,0.608745665093,269.995228387
2024/09/30/21:05:17.423455,2001,150.001637914,-128.897634654,0.608745665093,269.995228387
2024/09/30/21:05:17.523610,2001,150.001587219,-129.506358446,0.608745665093,269.995228387
2024/09/30/21:05:17.623848,2001,150.001535578,-130.117296176,0.609109690007,269.995771958
2024/09/30/21:05:17.724290,2001,150.001488463,-130.72657853,0.609253798521,269.996190121
2024/09/30/21:05:17.823874,2001,150.001447951,-131.335827254,0.609253798521,269.996190121
2024/09/30/21:05:17.923386,2001,150.001407439,-131.94507505,0.609253798521,269.996190121
2024/09/30/21:05:18.018993,2001,150.001366927,-132.554321917,0.609253798521,269.996190121
2024/09/30/21:05:18.124127,2001,150.001326415,-133.163567857,0.609253798521,269.996190121
2024/09/30/21:05:18.222665,2001,150.001285904,-133.772812869,0.609253798521,269.996190121
2024/09/30/21:05:18.323499,2001,150.001245392,-134.382056953,0.609253798521,269.996190121
2024/09/30/21:05:18.423947,2001,150.00120488,-134.991300109,0.609253798521,269.996190121
2024/09/30/21:05:18.523323,2001,150.001164369,-135.600542337,0.609253798521,269.996190121
2024/09/30/21:05:18.623682,2001,150.001123857,-136.209783637,0.609253798521,269.996190121
2024/09/30/21:05:18.724250,2001,150.001083346,-136.819024009,0.609253798521,269.996190121
2024/09/30/21:05:18.822930,2001,150.001042835,-137.428263454,0.609253798521,269.996190121
2024/09/30/21:05:18.924008,2001,150.001002323,-138.03750197,0.609253798521,269.996190121
2024/09/30/21:05:19.022616,2001,150.000961812,-138.646739559,0.609253798521,269.996190121
2024/09/30/21:05:19.124078,2001,150.000921301,-139.255976219,0.609253798521,269.996190121
2024/09/30/21:05:19.222616,2001,150.00088079,-139.865211952,0.609253798521,269.996190121
2024/09/30/21:05:19.323733,2001,150.000840279,-140.474446757,0.609253798521,269.996190121
2024/09/30/21:05:19.422751,2001,150.000799768,-141.083680633,0.609253798521,269.996190121
2024/09/30/21:05:19.524697,2001,150.000759257,-141.692913582,0.609253798521,269.996190121
2024/09/30/21:05:19.623487,2001,150.000718746,-142.302145603,0.609253798521,269.996190121
2024/09/30/21:05:19.724560,2001,150.000678235,-142.911376696,0.609253798521,269.996190121
2024/09/30/21:05:19.824318,2001,149.315482933,-143.412859872,0.584559568889,257.465730592
2024/09/30/21:05:19.923754,2001,149.188621338,-143.983480183,0.584559568889,257.465730592
2024/09/30/21:05:20.023997,2001,149.061759936,-144.554099626,0.584559568889,257.465730592
2024/09/30/21:05:20.124239,2001,148.718537997,-144.969320008,0.545107457058,245.290150676
2024/09/30/21:05:20.222714,2001,148.49067286,-145.46451104,0.545107457058,245.290150676
2024/09/30/21:05:20.325091,2001,148.26280807,-145.959701317,0.545107457058,245.290150676
2024/09/30/21:05:20.424721,2001,147.796706588,-146.158828332,0.495535963369,230.383268836
2024/09/30/21:05:20.525242,2001,147.480731467,-146.540550135,0.495535963369,230.383268836
2024/09/30/21:05:20.624411,2001,147.051436496,-146.696099217,0.467087795917,217.548382508
2024/09/30/21:05:20.723671,2001,146.68111402,-146.980755153,0.467087795917,217.548382508
2024/09/30/21:05:20.822752,2001,146.310792108,-147.265410656,0.467087795917,217.548382508
2024/09/30/21:05:20.924088,2001,145.815797248,-147.122903113,0.435428603435,200.997789396
2024/09/30/21:05:21.022623,2001,145.409286844,-147.278930101,0.435428603435,200.997789396
2024/09/30/21:05:21.122854,2001,145.00277706,-147.434956852,0.435428603435,200.997789396
